Affinity,Threshold,method,count,lower_whisker,Q1,median,Q3,upper_whisker,Threshold_original,layer,type,model,chain,Mean_Num_Points,DMS,layer_norm2,M_c,Loneliness,Vicinty_corr,IQR
hb,0,LD1,10715,0.75,0.898275862068966,1,1,1,0.0130443422855037,16,Att_mat,antiberta2-cssp,heavy_chain,19,brian_hie,100,4.39089916436599,,,0.101724137931035
hb,1,LD1,10715,0.671875,0.868421052631579,1,1,1,0.0158685455768828,16,Att_mat,antiberta2-cssp,heavy_chain,36.0328979492188,brian_hie,100,4.39089916436599,,,0.131578947368421
hb,2,LD1,10715,0.605263157894737,0.842105263157895,0.987012987012987,1,1,0.0186927488682619,16,Att_mat,antiberta2-cssp,heavy_chain,63.0331726074219,brian_hie,100,4.39089916436599,,,0.157894736842105
hb,3,LD1,10715,0.55,0.82,0.981481481481481,1,1,0.0215169521596409,16,Att_mat,antiberta2-cssp,heavy_chain,104.861053466797,brian_hie,100,4.39089916436599,,,0.18
hb,4,LD1,10715,0.50197628458498,0.8,0.975177304964539,1,1,0.02434115545102,16,Att_mat,antiberta2-cssp,heavy_chain,166.349609375,brian_hie,100,4.39089916436599,,,0.2
hb,5,LD1,10715,0.434343434343434,0.773580063868613,0.969230769230769,1,1,0.0271653587423991,16,Att_mat,antiberta2-cssp,heavy_chain,253.533813476563,brian_hie,100,4.39089916436599,,,0.226419936131387
hb,6,LD1,10715,0.376,0.74782527184102,0.964028776978417,0.996908802507358,1,0.0299895620337782,16,Att_mat,antiberta2-cssp,heavy_chain,373.134155273438,brian_hie,100,4.39089916436599,,,0.249083530666338
hb,7,LD1,10715,0.320284697508897,0.723479547135461,0.959550561797753,0.99493733988961,1,0.0328137653251573,16,Att_mat,antiberta2-cssp,heavy_chain,532.651550292969,brian_hie,100,4.39089916436599,,,0.271457792754148
hb,8,LD1,10715,0.269961977186312,0.701251760287905,0.955026455026455,0.992307692307692,1,0.0356379686165363,16,Att_mat,antiberta2-cssp,heavy_chain,740.005142211914,brian_hie,100,4.39089916436599,,,0.291055932019787
hb,9,LD1,10715,0.242307692307692,0.68065672631568,0.951132300357569,0.988919658142977,1,0.0384621719079154,16,Att_mat,antiberta2-cssp,heavy_chain,998.737869262695,brian_hie,100,4.39089916436599,,,0.308262931827297
hb,10,LD1,10715,0.19620253164557,0.66248265657268,0.946974063400576,0.985508737480924,1,0.0412863751992945,16,Att_mat,antiberta2-cssp,heavy_chain,1274.0647277832,brian_hie,100,4.39089916436599,,,0.323026080908244
hb,11,LD1,10715,0.201680672268908,0.646823411705853,0.943293347873501,0.98286621345624,1,0.0441105784906736,16,Att_mat,antiberta2-cssp,heavy_chain,1509.25378417969,brian_hie,100,4.39089916436599,,,0.336042801750387
hb,12,LD1,10715,0.206549118387909,0.637349019862903,0.939969984992496,0.980715269578906,1,0.0469347817820527,16,Att_mat,antiberta2-cssp,heavy_chain,1688.52014160156,brian_hie,100,4.39089916436599,,,0.343366249716004
hb,13,LD1,10715,0.214785214785215,0.631590235036052,0.937968984492246,0.978989494747374,1,0.0497589850734317,16,Att_mat,antiberta2-cssp,heavy_chain,1816.34115600586,brian_hie,100,4.39089916436599,,,0.347399259711322
hb,14,LD1,10715,0.231918238993711,0.625812906453227,0.936968484242121,0.977988994497249,1,0.0525831883648108,16,Att_mat,antiberta2-cssp,heavy_chain,1899,brian_hie,100,4.39089916436599,,,0.352176088044022
hb,0,LD1,11089,1,1,1,1,1,0.000171269947831852,3,Att_mat,esm2,heavy_chain,19,brian_hie,6.25,4727.42430951066,,,0
hb,1,LD1,11089,1,1,1,1,1,0.000218115339486789,3,Att_mat,esm2,heavy_chain,36.3730163574219,brian_hie,6.25,4727.42430951066,,,0
hb,2,LD1,11089,1,1,1,1,1,0.000264960731141726,3,Att_mat,esm2,heavy_chain,60.7359924316406,brian_hie,6.25,4727.42430951066,,,0
hb,3,LD1,11089,1,1,1,1,1,0.000311806122796663,3,Att_mat,esm2,heavy_chain,97.7864990234375,brian_hie,6.25,4727.42430951066,,,0
hb,4,LD1,11089,1,1,1,1,1,0.0003586515144516,3,Att_mat,esm2,heavy_chain,147.903503417969,brian_hie,6.25,4727.42430951066,,,0
hb,5,LD1,11089,1,1,1,1,1,0.000405496906106537,3,Att_mat,esm2,heavy_chain,214.279663085938,brian_hie,6.25,4727.42430951066,,,0
hb,6,LD1,11089,1,1,1,1,1,0.000452342297761474,3,Att_mat,esm2,heavy_chain,302.338287353516,brian_hie,6.25,4727.42430951066,,,0
hb,7,LD1,11089,0.993987975951904,0.997584541062802,1,1,1,0.000499187689416411,3,Att_mat,esm2,heavy_chain,408.354187011719,brian_hie,6.25,4727.42430951066,,,0.00241545893719808
hb,8,LD1,11089,0.988610478359909,0.995444191343964,1,1,1,0.000546033081071347,3,Att_mat,esm2,heavy_chain,542.004119873047,brian_hie,6.25,4727.42430951066,,,0.00455580865603644
hb,9,LD1,11089,0.978494623655914,0.99135446685879,0.998535871156662,1,1,0.000592878472726284,3,Att_mat,esm2,heavy_chain,700.68310546875,brian_hie,6.25,4727.42430951066,,,0.00864553314121041
hb,10,LD1,11089,0.963636363636364,0.98536036036036,0.997693194925029,1,1,0.000639723864381221,3,Att_mat,esm2,heavy_chain,886.821929931641,brian_hie,6.25,4727.42430951066,,,0.0146396396396397
hb,11,LD1,11089,0.942703670546106,0.976539589442815,0.99496475327291,0.999161777032691,1,0.000686569256036158,3,Att_mat,esm2,heavy_chain,1103.0153503418,brian_hie,6.25,4727.42430951066,,,0.0226221875898754
hb,12,LD1,11089,0.919607843137255,0.966327329678935,0.991404011461318,0.997994652406417,1,0.000733414647691095,3,Att_mat,esm2,heavy_chain,1350.85675048828,brian_hie,6.25,4727.42430951066,,,0.0316673227274822
hb,13,LD1,11089,0.891481913652275,0.954296160877514,0.985984156002437,0.996350364963504,1,0.000780260039346032,3,Att_mat,esm2,heavy_chain,1631.56730651855,brian_hie,6.25,4727.42430951066,,,0.0420542040859899
hb,14,LD1,11089,0.864285714285714,0.941970985492746,0.979265402843602,0.99399699849925,1,0.000827105431000969,3,Att_mat,esm2,heavy_chain,1899,brian_hie,6.25,4727.42430951066,,,0.0520260130065032
hb,0,LD1,11230,0.6875,0.875,0.941176470588235,1,1,0.000474427176225457,1,Pooled,antiberta2-cssp,heavy_chain,19,brian_hie,0,5.40000804370243,,,0.125
hb,1,LD1,11230,0.619047619047619,0.827586206896552,0.912662090007628,0.966666666666667,1,0.000555420224318502,1,Pooled,antiberta2-cssp,heavy_chain,39.5401611328125,brian_hie,0,5.40000804370243,,,0.139080459770115
hb,2,LD1,11230,0.602739726027397,0.816666666666667,0.898550724637681,0.959459459459459,1,0.000636413272411547,1,Pooled,antiberta2-cssp,heavy_chain,68.3547058105469,brian_hie,0,5.40000804370243,,,0.142792792792793
hb,3,LD1,11230,0.564705882352941,0.797940545349872,0.884615384615385,0.953488372093023,1,0.000717406320504593,1,Pooled,antiberta2-cssp,heavy_chain,108.992584228516,brian_hie,0,5.40000804370243,,,0.155547826743152
hb,4,LD1,11230,0.552447552447552,0.789473684210526,0.875912408759124,0.947955390334572,1,0.000798399368597638,1,Pooled,antiberta2-cssp,heavy_chain,163.338897705078,brian_hie,0,5.40000804370243,,,0.158481706124046
hb,5,LD1,11230,0.525641025641026,0.772486772486773,0.866962633381896,0.9375,1,0.000879392416690683,1,Pooled,antiberta2-cssp,heavy_chain,247.61474609375,brian_hie,0,5.40000804370243,,,0.165013227513228
hb,6,LD1,11230,0.503731343283582,0.755146684485172,0.853080568720379,0.922818791946309,1,0.000960385464783728,1,Pooled,antiberta2-cssp,heavy_chain,362.140594482422,brian_hie,0,5.40000804370243,,,0.167672107461136
hb,7,LD1,11230,0.483290488431877,0.736685773840542,0.836158192090396,0.906074645100604,1,0.00104137851287677,1,Pooled,antiberta2-cssp,heavy_chain,518.780975341797,brian_hie,0,5.40000804370243,,,0.169388871260062
hb,8,LD1,11230,0.472813238770686,0.725941619585688,0.822205336035123,0.894736842105263,0.996275605214153,0.00112237156096982,1,Pooled,antiberta2-cssp,heavy_chain,725.483749389649,brian_hie,0,5.40000804370243,,,0.168795222519576
hb,9,LD1,11230,0.463652482269504,0.716857316908082,0.811880566316938,0.885680698611733,0.991341991341991,0.00120336460906286,1,Pooled,antiberta2-cssp,heavy_chain,989.892562866211,brian_hie,0,5.40000804370243,,,0.168823381703651
hb,10,LD1,11230,0.462039045553145,0.710386656557999,0.80067095462381,0.876296697172986,0.984439834024896,0.00128435765715591,1,Pooled,antiberta2-cssp,heavy_chain,1287.72163391113,brian_hie,0,5.40000804370243,,,0.165910040614987
hb,11,LD1,11230,0.46177370030581,0.705700803425715,0.792372962437503,0.868830915366539,0.980990495247624,0.00136535070524895,1,Pooled,antiberta2-cssp,heavy_chain,1544.52272033691,brian_hie,0,5.40000804370243,,,0.163130111940824
hb,12,LD1,11230,0.462731365682841,0.702851425712856,0.787893946973487,0.863172393794403,0.980990495247624,0.001446343753342,1,Pooled,antiberta2-cssp,heavy_chain,1722.8397064209,brian_hie,0,5.40000804370243,,,0.160320968081547
hb,13,LD1,11230,0.463581183611533,0.701350675337669,0.78587314422948,0.860047321153875,0.980990495247624,0.00152733680143504,1,Pooled,antiberta2-cssp,heavy_chain,1832.61940002441,brian_hie,0,5.40000804370243,,,0.158696645816206
hb,14,LD1,11230,0.462731365682841,0.700350175087544,0.784392196098049,0.858929464732366,0.980990495247624,0.00160832984952809,1,Pooled,antiberta2-cssp,heavy_chain,1899,brian_hie,0,5.40000804370243,,,0.158579289644822
hb,0,LD1,11257,1,1,1,1,1,3.07014225757918e-05,31,Pooled,esm2,heavy_chain,19,brian_hie,93.75,2008.69695148396,,,0
hb,1,LD1,11257,1,1,1,1,1,3.86153869794537e-05,31,Pooled,esm2,heavy_chain,35.920654296875,brian_hie,93.75,2008.69695148396,,,0
hb,2,LD1,11257,1,1,1,1,1,4.65293513831155e-05,31,Pooled,esm2,heavy_chain,62.5352478027344,brian_hie,93.75,2008.69695148396,,,0
hb,3,LD1,11257,0.940594059405941,0.976190476190476,1,1,1,5.44433157867774e-05,31,Pooled,esm2,heavy_chain,97.1641540527344,brian_hie,93.75,2008.69695148396,,,0.0238095238095238
hb,4,LD1,11257,0.886010362694301,0.954248366013072,1,1,1,6.23572801904393e-05,31,Pooled,esm2,heavy_chain,146.92919921875,brian_hie,93.75,2008.69695148396,,,0.0457516339869281
hb,5,LD1,11257,0.828729281767956,0.931372549019608,0.995260663507109,1,1,7.02712445941012e-05,31,Pooled,esm2,heavy_chain,210.028930664063,brian_hie,93.75,2008.69695148396,,,0.0686274509803921
hb,6,LD1,11257,0.748587570621469,0.899159663865546,0.99290780141844,1,1,7.8185208997763e-05,31,Pooled,esm2,heavy_chain,295.951782226563,brian_hie,93.75,2008.69695148396,,,0.100840336134454
hb,7,LD1,11257,0.688787185354691,0.874439461883408,0.985655737704918,1,1,8.60991734014249e-05,31,Pooled,esm2,heavy_chain,409.916717529297,brian_hie,93.75,2008.69695148396,,,0.125560538116592
hb,8,LD1,11257,0.652777777777778,0.847795163584637,0.973843058350101,0.99601593625498,1,9.40131378050868e-05,31,Pooled,esm2,heavy_chain,558.273590087891,brian_hie,93.75,2008.69695148396,,,0.148220772670343
hb,9,LD1,11257,0.572755417956656,0.823639774859287,0.961464354527938,0.992272024729521,1,0.000101927102208749,31,Pooled,esm2,heavy_chain,739.974853515625,brian_hie,93.75,2008.69695148396,,,0.168632249870234
hb,10,LD1,11257,0.524046434494196,0.802653399668325,0.950520833333333,0.988526037069726,1,0.000109841066612411,31,Pooled,esm2,heavy_chain,951.51171875,brian_hie,93.75,2008.69695148396,,,0.185872637401401
hb,11,LD1,11257,0.486039296794209,0.78448275862069,0.939393939393939,0.983476536682089,1,0.000117755031016072,31,Pooled,esm2,heavy_chain,1198.52880859375,brian_hie,93.75,2008.69695148396,,,0.198993778061399
hb,12,LD1,11257,0.44586415601883,0.764705882352941,0.927645788336933,0.977379095163806,1,0.000125668995419734,31,Pooled,esm2,heavy_chain,1483.91586303711,brian_hie,93.75,2008.69695148396,,,0.212673212810865
hb,13,LD1,11257,0.418778801843318,0.750819672131148,0.918066157760814,0.972202423378475,1,0.000133582959823396,31,Pooled,esm2,heavy_chain,1749.62271118164,brian_hie,93.75,2008.69695148396,,,0.221382751247327
hb,14,LD1,11257,0.407696307852314,0.744372186093047,0.912456228114057,0.968984492246123,1,0.000141496924227058,31,Pooled,esm2,heavy_chain,1899,brian_hie,93.75,2008.69695148396,,,0.224612306153076
hb,0,LD1,11244,0.714285714285714,0.857142857142857,0.9,0.952380952380952,1,0.0128067679261753,1,Unpooled,antiberta2-cssp,heavy_chain,19,brian_hie,0,6.35731278949345,,,0.0952380952380952
hb,1,LD1,11244,0.581081081081081,0.80277057079318,0.835820895522388,0.950819672131147,1,0.0139414527175628,1,Unpooled,antiberta2-cssp,heavy_chain,68.359375,brian_hie,0,6.35731278949345,,,0.148049101337967
hb,2,LD1,11244,0.619469026548673,0.826086956521739,0.876106194690266,0.964285714285714,1,0.0150761375089504,1,Unpooled,antiberta2-cssp,heavy_chain,116.505676269531,brian_hie,0,6.35731278949345,,,0.138198757763975
hb,3,LD1,11244,0.626865671641791,0.828358208955224,0.887218045112782,0.962962962962963,1,0.016210822300338,1,Unpooled,antiberta2-cssp,heavy_chain,133.434295654297,brian_hie,0,6.35731278949345,,,0.134604754007739
hb,4,LD1,11244,0.637037037037037,0.830882352941176,0.889705882352941,0.963235294117647,1,0.0173455070917255,1,Unpooled,antiberta2-cssp,heavy_chain,135.934936523438,brian_hie,0,6.35731278949345,,,0.132352941176471
hb,5,LD1,11244,0.635036496350365,0.830882352941176,0.889705882352941,0.963235294117647,1,0.0184801918831131,1,Unpooled,antiberta2-cssp,heavy_chain,136.056365966797,brian_hie,0,6.35731278949345,,,0.132352941176471
hb,6,LD1,11244,0.607142857142857,0.808641975308642,0.857142857142857,0.943037974683544,1,0.0196148766745006,1,Unpooled,antiberta2-cssp,heavy_chain,155.732086181641,brian_hie,0,6.35731278949345,,,0.134395999374902
hb,7,LD1,11244,0.547826086956522,0.762066193591307,0.802816901408451,0.904899135446686,0.984984984984985,0.0207495614658882,1,Unpooled,antiberta2-cssp,heavy_chain,332.462738037109,brian_hie,0,6.35731278949345,,,0.142832941855379
hb,8,LD1,11244,0.561619718309859,0.773375071569042,0.825938566552901,0.914775197628459,0.985185185185185,0.0218842462572757,1,Unpooled,antiberta2-cssp,heavy_chain,552.906219482422,brian_hie,0,6.35731278949345,,,0.141400126059416
hb,9,LD1,11244,0.567010309278351,0.779816513761468,0.838513917644353,0.921967771637009,0.987673343605547,0.0230189310486633,1,Unpooled,antiberta2-cssp,heavy_chain,665.226837158203,brian_hie,0,6.35731278949345,,,0.142151257875541
hb,10,LD1,11244,0.572661870503597,0.783861671469741,0.841954022988506,0.924664946831939,0.988439306358381,0.0241536158400509,1,Unpooled,antiberta2-cssp,heavy_chain,693.267852783203,brian_hie,0,6.35731278949345,,,0.140803275362198
hb,11,LD1,11244,0.576149425287356,0.78448275862069,0.841954022988506,0.923877887992876,0.988603988603989,0.0252883006314384,1,Unpooled,antiberta2-cssp,heavy_chain,696.682800292969,brian_hie,0,6.35731278949345,,,0.139395129372186
hb,12,LD1,11244,0.56781914893617,0.770319387978558,0.820233374893759,0.905541561712846,0.982019363762102,0.026422985422826,1,Unpooled,antiberta2-cssp,heavy_chain,767.0126953125,brian_hie,0,6.35731278949345,,,0.135222173734288
hb,13,LD1,11244,0.54147465437788,0.735015936249638,0.781653599154816,0.864043666369248,0.956147893379192,0.0275576702142135,1,Unpooled,antiberta2-cssp,heavy_chain,1230.24700927734,brian_hie,0,6.35731278949345,,,0.12902773011961
hb,14,LD1,11244,0.542435424354244,0.736368184092046,0.786893446723362,0.865795172084276,0.956155143338954,0.0286923550056011,1,Unpooled,antiberta2-cssp,heavy_chain,1899,brian_hie,0,6.35731278949345,,,0.12942698799223
hb,0,LD1,11437,1,1,1,1,1,0.00193578133163984,6,Unpooled,esm2,heavy_chain,19,brian_hie,15.625,2021.55561275629,,,0
hb,1,LD1,11437,1,1,1,1,1,0.0022941108777908,6,Unpooled,esm2,heavy_chain,33.0055541992188,brian_hie,15.625,2021.55561275629,,,0
hb,2,LD1,11437,1,1,1,1,1,0.00265244042394176,6,Unpooled,esm2,heavy_chain,49.0086669921875,brian_hie,15.625,2021.55561275629,,,0
hb,3,LD1,11437,0.969230769230769,0.9875,1,1,1,0.00301076997009272,6,Unpooled,esm2,heavy_chain,76.3857116699219,brian_hie,15.625,2021.55561275629,,,0.0125
hb,4,LD1,11437,0.96,0.984,1,1,1,0.00336909951624368,6,Unpooled,esm2,heavy_chain,114.12353515625,brian_hie,15.625,2021.55561275629,,,0.016
hb,5,LD1,11437,0.946107784431138,0.978102189781022,0.993150684931507,1,1,0.00372742906239464,6,Unpooled,esm2,heavy_chain,157.041839599609,brian_hie,15.625,2021.55561275629,,,0.0218978102189781
hb,6,LD1,11437,0.916666666666667,0.966417910447761,0.988326848249027,1,1,0.0040857586085456,6,Unpooled,esm2,heavy_chain,230.729034423828,brian_hie,15.625,2021.55561275629,,,0.0335820895522388
hb,7,LD1,11437,0.887323943661972,0.952941176470588,0.980891719745223,0.996699669966997,1,0.00444408815469656,6,Unpooled,esm2,heavy_chain,308.879577636719,brian_hie,15.625,2021.55561275629,,,0.0437584934964085
hb,8,LD1,11437,0.865822784810127,0.941747572815534,0.974489795918367,0.992957746478873,1,0.00480241770084752,6,Unpooled,esm2,heavy_chain,422.615661621094,brian_hie,15.625,2021.55561275629,,,0.0512101736633392
hb,9,LD1,11437,0.826599326599327,0.924693520140105,0.965957446808511,0.990196078431373,1,0.00516074724699848,6,Unpooled,esm2,heavy_chain,564.720825195313,brian_hie,15.625,2021.55561275629,,,0.0655025582912675
hb,10,LD1,11437,0.8005698005698,0.911342894393742,0.956643356643357,0.985542168674699,1,0.00551907679314944,6,Unpooled,esm2,heavy_chain,739.492431640625,brian_hie,15.625,2021.55561275629,,,0.074199274280957
hb,11,LD1,11437,0.767497034400949,0.895138226882746,0.9482421875,0.980392156862745,1,0.0058774063393004,6,Unpooled,esm2,heavy_chain,958.711364746094,brian_hie,15.625,2021.55561275629,,,0.0852539299799996
hb,12,LD1,11437,0.740186915887851,0.880264244426094,0.938490214352283,0.974664679582712,1,0.00623573588545136,6,Unpooled,esm2,heavy_chain,1229.85690307617,brian_hie,15.625,2021.55561275629,,,0.0944004351566182
hb,13,LD1,11437,0.7123719464145,0.865895953757226,0.928139183055976,0.968569595894804,1,0.00659406543160233,6,Unpooled,esm2,heavy_chain,1548.46920776367,brian_hie,15.625,2021.55561275629,,,0.102673642137579
hb,14,LD1,11437,0.689298043728424,0.852383393131727,0.918864097363083,0.96248124062031,1,0.00695239497775329,6,Unpooled,esm2,heavy_chain,1899,brian_hie,15.625,2021.55561275629,,,0.110097847488583
covid,0,LD1,1754,0,0,0.333333333333333,0.727272727272727,1,0.127550227153931,10,Att_mat,antiberta2-cssp,paired_chain,19,covabdab,60,1.62178101776519,,,0.727272727272727
covid,1,LD1,1754,0,0.0743710021321962,0.278888888888889,0.6,1,0.142896192236509,10,Att_mat,antiberta2-cssp,paired_chain,32.6766467065868,covabdab,60,1.62178101776519,,,0.525628997867804
covid,2,LD1,1754,0,0.1,0.236694677871148,0.5,1,0.158242157319087,10,Att_mat,antiberta2-cssp,paired_chain,53.6898289751432,covabdab,60,1.62178101776519,,,0.4
covid,3,LD1,1754,0,0.111111111111111,0.211273817925194,0.422776442307692,0.888888888888889,0.173588122401665,10,Att_mat,antiberta2-cssp,paired_chain,84.0898203592814,covabdab,60,1.62178101776519,,,0.311665331196581
covid,4,LD1,1754,0,0.118123158565792,0.2,0.360376538040327,0.722222222222222,0.188934087484242,10,Att_mat,antiberta2-cssp,paired_chain,126.506397277388,covabdab,60,1.62178101776519,,,0.242253379474535
covid,5,LD1,1754,0,0.119496855345912,0.189189189189189,0.307692307692308,0.588571428571429,0.20428005256682,10,Att_mat,antiberta2-cssp,paired_chain,185.425322017835,covabdab,60,1.62178101776519,,,0.188195452346396
covid,6,LD1,1754,0,0.124512284011491,0.181513117754729,0.276108374384237,0.5,0.219626017649398,10,Att_mat,antiberta2-cssp,paired_chain,268.478309567915,covabdab,60,1.62178101776519,,,0.151596090372746
covid,7,LD1,1754,0,0.128292576961271,0.175375827762609,0.25,0.432432432432432,0.234971982731975,10,Att_mat,antiberta2-cssp,paired_chain,385.022832033774,covabdab,60,1.62178101776519,,,0.121707423038729
covid,8,LD1,1754,0,0.134423140291622,0.174963816376447,0.235924013465968,0.387387387387387,0.250317947814553,10,Att_mat,antiberta2-cssp,paired_chain,548.33696635506,covabdab,60,1.62178101776519,,,0.101500873174346
covid,9,LD1,1754,0.0153846153846154,0.138383468820348,0.175256696263684,0.222050586670909,0.346368715083799,0.265663912897131,10,Att_mat,antiberta2-cssp,paired_chain,765.589949597209,covabdab,60,1.62178101776519,,,0.0836671178505607
covid,10,LD1,1754,0.0348258706467662,0.143393184666329,0.174077269540632,0.216923362503995,0.326530612244898,0.281009877979709,10,Att_mat,antiberta2-cssp,paired_chain,1031.78010166717,covabdab,60,1.62178101776519,,,0.0735301778376654
covid,11,LD1,1754,0.0543130990415336,0.147235038259409,0.173992692047344,0.21002309632539,0.304,0.296355843062286,10,Att_mat,antiberta2-cssp,paired_chain,1322.16062120364,covabdab,60,1.62178101776519,,,0.0627880580659813
covid,12,LD1,1754,0.0666666666666667,0.147996013714475,0.173835954363244,0.20760380190095,0.295147573786893,0.311701808144864,10,Att_mat,antiberta2-cssp,paired_chain,1586.28104941197,covabdab,60,1.62178101776519,,,0.0596077881864759
covid,13,LD1,1754,0.0589225589225589,0.14717509657131,0.17350984022871,0.208104052026013,0.298649324662331,0.327047773227442,10,Att_mat,antiberta2-cssp,paired_chain,1784.51066212898,covabdab,60,1.62178101776519,,,0.0609289554547031
covid,14,LD1,1754,0.0610305152576288,0.148574287143572,0.173086543271636,0.208104052026013,0.296648324162081,0.34239373831002,10,Att_mat,antiberta2-cssp,paired_chain,1899,covabdab,60,1.62178101776519,,,0.0595297648824412
covid,0,LD1,1718,0,0,0.25,0.666666666666667,1,0.0166078976737615,1,Att_mat,esm2,paired_chain,19,covabdab,0,2.36406988071195,,,0.666666666666667
covid,1,LD1,1718,0,0.0666666666666667,0.230769230769231,0.526621672290964,1,0.0202787848608485,1,Att_mat,esm2,paired_chain,39.5643764807237,covabdab,0,2.36406988071195,,,0.459955005624297
covid,2,LD1,1718,0,0.102564102564103,0.2,0.44,0.9375,0.0239496720479355,1,Att_mat,esm2,paired_chain,72.2353219900926,covabdab,0,2.36406988071195,,,0.337435897435897
covid,3,LD1,1718,0,0.116972682489924,0.189635712617732,0.342934502320784,0.681818181818182,0.0276205592350225,1,Att_mat,esm2,paired_chain,121.268360973509,covabdab,0,2.36406988071195,,,0.22596181983086
covid,4,LD1,1718,0,0.119136460554371,0.177542164729,0.299941451990632,0.569343065693431,0.0312914464221095,1,Att_mat,esm2,paired_chain,193.439758776653,covabdab,0,2.36406988071195,,,0.180804991436261
covid,5,LD1,1718,0,0.122540719238832,0.172222222222222,0.259696704578594,0.46474358974359,0.0349623336091965,1,Att_mat,esm2,paired_chain,294.892311005815,covabdab,0,2.36406988071195,,,0.137155985339762
covid,6,LD1,1718,0,0.12577990871404,0.1676760984322,0.231516276237387,0.389380530973451,0.0386332207962835,1,Att_mat,esm2,paired_chain,429.180960585828,covabdab,0,2.36406988071195,,,0.105736367523347
covid,7,LD1,1718,0.0192307692307692,0.13100633184401,0.16360736989124,0.210924213435374,0.330357142857143,0.0423041079833706,1,Att_mat,esm2,paired_chain,600.896553952186,covabdab,0,2.36406988071195,,,0.0799178815913644
covid,8,LD1,1718,0.0455635491606715,0.133466350301984,0.162581290645323,0.195833542955845,0.288014311270125,0.0459749951704576,1,Att_mat,esm2,paired_chain,813.832672840836,covabdab,0,2.36406988071195,,,0.0623671926538607
covid,9,LD1,1718,0.0594059405940594,0.135217844011323,0.162127829048561,0.186771386349953,0.264,0.0496458823575446,1,Att_mat,esm2,paired_chain,1071.10799052337,covabdab,0,2.36406988071195,,,0.0515535423386301
covid,10,LD1,1718,0.0778443113772455,0.138540770456061,0.161468732386041,0.179994375703037,0.241379310344828,0.0533167695446316,1,Att_mat,esm2,paired_chain,1342.03211285807,covabdab,0,2.36406988071195,,,0.0414536052469761
covid,11,LD1,1718,0.0824053452115813,0.139569784892446,0.161580790395198,0.177758585653322,0.234090909090909,0.0569876567317186,1,Att_mat,esm2,paired_chain,1569.06818867112,covabdab,0,2.36406988071195,,,0.0381888007608762
covid,12,LD1,1718,0.089080459770115,0.140570285142571,0.160811921891059,0.177034095278932,0.21943231441048,0.0606585439188056,1,Att_mat,esm2,paired_chain,1733.44604781391,covabdab,0,2.36406988071195,,,0.0364638101363607
covid,13,LD1,1718,0.0917874396135266,0.141170677069252,0.160580290145073,0.176588294147074,0.228571428571429,0.0643294311058927,1,Att_mat,esm2,paired_chain,1836.5869911695,covabdab,0,2.36406988071195,,,0.0354176170778217
covid,14,LD1,1718,0.0904761904761905,0.141070535267634,0.16008004002001,0.176374952181973,0.226890756302521,0.0680003182929797,1,Att_mat,esm2,paired_chain,1899,covabdab,0,2.36406988071195,,,0.0353044169143395
covid,0,LD1,1804,0,0,0.481481481481482,0.928571428571429,1,0.0347619360867686,15,Pooled,antiberta2-cssp,paired_chain,19,covabdab,93.3333333333333,1.18859465641262,,,0.928571428571429
covid,1,LD1,1804,0,0.0625,0.435133239831697,0.836734693877551,1,0.0395265672180047,15,Pooled,antiberta2-cssp,paired_chain,39.5090681945462,covabdab,93.3333333333333,1.18859465641262,,,0.774234693877551
covid,2,LD1,1804,0,0.135887744179823,0.375,0.704545454545455,1,0.0442911983492408,15,Pooled,antiberta2-cssp,paired_chain,76.2890621634429,covabdab,93.3333333333333,1.18859465641262,,,0.568657710365631
covid,3,LD1,1804,0,0.15,0.325753660637382,0.583333333333333,1,0.0490558294804769,15,Pooled,antiberta2-cssp,paired_chain,137.960539352949,covabdab,93.3333333333333,1.18859465641262,,,0.433333333333333
covid,4,LD1,1804,0,0.152776948342789,0.280540540540541,0.479154929577465,0.956521739130435,0.053820460611713,15,Pooled,antiberta2-cssp,paired_chain,235.622797570327,covabdab,93.3333333333333,1.18859465641262,,,0.326377981234676
covid,5,LD1,1804,0,0.154811715481172,0.259027526258602,0.410714285714286,0.794117647058824,0.0585850917429491,15,Pooled,antiberta2-cssp,paired_chain,381.599513203808,covabdab,93.3333333333333,1.18859465641262,,,0.255902570233114
covid,6,LD1,1804,0,0.149643863580891,0.241626131531529,0.357142857142857,0.663461538461538,0.0633497228741852,15,Pooled,antiberta2-cssp,paired_chain,576.353271873519,covabdab,93.3333333333333,1.18859465641262,,,0.207498993561966
covid,7,LD1,1804,0,0.148489578330612,0.224087912087912,0.320987464500841,0.576323987538941,0.0681143540054213,15,Pooled,antiberta2-cssp,paired_chain,804.933894800328,covabdab,93.3333333333333,1.18859465641262,,,0.172497886170229
covid,8,LD1,1804,0,0.14754669961709,0.214408233276158,0.297311058512688,0.521518987341772,0.0728789851366574,15,Pooled,antiberta2-cssp,paired_chain,1049.20042648516,covabdab,93.3333333333333,1.18859465641262,,,0.149764358895598
covid,9,LD1,1804,0,0.14652137605816,0.204921965292991,0.283704714466155,0.487581699346405,0.0776436162678935,15,Pooled,antiberta2-cssp,paired_chain,1285.17108947573,covabdab,93.3333333333333,1.18859465641262,,,0.137183338407996
covid,10,LD1,1804,0,0.146330968473196,0.199607591818511,0.274182036373378,0.45945945945946,0.0824082473991296,15,Pooled,antiberta2-cssp,paired_chain,1490.0403868522,covabdab,93.3333333333333,1.18859465641262,,,0.127851067900182
covid,11,LD1,1804,0,0.145572786393197,0.195389446561812,0.267768533650275,0.450765864332604,0.0871728785303657,15,Pooled,antiberta2-cssp,paired_chain,1651.00706500668,covabdab,93.3333333333333,1.18859465641262,,,0.122195747257078
covid,12,LD1,1804,0.0430215107553777,0.145453291361262,0.1935967983992,0.265632816408204,0.445639187574671,0.0919375096616017,15,Pooled,antiberta2-cssp,paired_chain,1767.73030198596,covabdab,93.3333333333333,1.18859465641262,,,0.120179525046942
covid,13,LD1,1804,0.0430215107553777,0.144638504888975,0.193096548274137,0.262131065532766,0.437849944008959,0.0967021407928378,15,Pooled,antiberta2-cssp,paired_chain,1846.3553181407,covabdab,93.3333333333333,1.18859465641262,,,0.117492560643792
covid,14,LD1,1804,0.0430215107553777,0.144572286143072,0.192096048024012,0.259393295753689,0.428571428571429,0.101466771924074,15,Pooled,antiberta2-cssp,paired_chain,1899.00002153965,covabdab,93.3333333333333,1.18859465641262,,,0.114821009610618
covid,0,LD1,1735,0,0,0.142857142857143,0.830459770114943,1,0.00276114811525415,32,Pooled,esm2,paired_chain,19,covabdab,96.875,1.09360652839152,,,0.830459770114943
covid,1,LD1,1735,0,0,0.238095238095238,0.735087719298246,1,0.0033523054365572,32,Pooled,esm2,paired_chain,49.9229741954939,covabdab,96.875,1.09360652839152,,,0.735087719298246
covid,2,LD1,1735,0,0.0733152236735637,0.254545454545455,0.625,1,0.00394346275786025,32,Pooled,esm2,paired_chain,112.513117649593,covabdab,96.875,1.09360652839152,,,0.551684776326436
covid,3,LD1,1735,0,0.112110239990424,0.25,0.5,1,0.0045346200791633,32,Pooled,esm2,paired_chain,223.519859561453,covabdab,96.875,1.09360652839152,,,0.387889760009576
covid,4,LD1,1735,0,0.120871143375681,0.232824427480916,0.392173252279635,0.793650793650794,0.00512577740046635,32,Pooled,esm2,paired_chain,387.671261792961,covabdab,96.875,1.09360652839152,,,0.271302108903955
covid,5,LD1,1735,0,0.126657871591909,0.223707147007554,0.337829225402223,0.65359477124183,0.0057169347217694,32,Pooled,esm2,paired_chain,584.750355404299,covabdab,96.875,1.09360652839152,,,0.211171353810315
covid,6,LD1,1735,0,0.128912627699771,0.214607303651826,0.299824912456228,0.552795031055901,0.00630809204307245,32,Pooled,esm2,paired_chain,802.520311894197,covabdab,96.875,1.09360652839152,,,0.170912284756457
covid,7,LD1,1735,0,0.128942011531616,0.206603301650825,0.285678553562496,0.507352941176471,0.0068992493643755,32,Pooled,esm2,paired_chain,1028.6951061905,covabdab,96.875,1.09360652839152,,,0.156736542030879
covid,8,LD1,1735,0,0.12717406638586,0.202020202020202,0.27263631815908,0.490066225165563,0.00749040668567855,32,Pooled,esm2,paired_chain,1243.93940895188,covabdab,96.875,1.09360652839152,,,0.145462251773219
covid,9,LD1,1735,0,0.127346041055718,0.196098049024512,0.266113743567063,0.469879518072289,0.0080815640069816,32,Pooled,esm2,paired_chain,1434.35088097187,covabdab,96.875,1.09360652839152,,,0.138767702511344
covid,10,LD1,1735,0,0.127873217724742,0.192596298149075,0.25887943971986,0.444444444444444,0.00867272132828464,32,Pooled,esm2,paired_chain,1589.46691509068,covabdab,96.875,1.09360652839152,,,0.131006221995118
covid,11,LD1,1735,0,0.127063531765883,0.190095047523762,0.253862587031221,0.423076923076923,0.00926387864958769,32,Pooled,esm2,paired_chain,1707.2618145005,covabdab,96.875,1.09360652839152,,,0.126799055265338
covid,12,LD1,1735,0,0.127063531765883,0.186593296648324,0.251125562781391,0.4209726443769,0.00985503597089074,32,Pooled,esm2,paired_chain,1793.8981174342,covabdab,96.875,1.09360652839152,,,0.124062031015508
covid,13,LD1,1735,0,0.127313656828414,0.185592796398199,0.249624812406203,0.428571428571429,0.0104461932921938,32,Pooled,esm2,paired_chain,1855.48313445052,covabdab,96.875,1.09360652839152,,,0.122311155577789
covid,14,LD1,1735,0,0.127563781890945,0.185092546273137,0.248624312156078,0.413793103448276,0.0110373506134968,32,Pooled,esm2,paired_chain,1899,covabdab,96.875,1.09360652839152,,,0.121060530265133
covid,0,LD1,1792,0,0,0.333333333333333,0.75,1,0.18895303722886,16,Unpooled,antiberta2-cssp,paired_chain,19,covabdab,100,1.31729148693049,,,0.75
covid,1,LD1,1792,0,0.0833333333333333,0.278888888888889,0.612179487179487,1,0.211588220629682,16,Unpooled,antiberta2-cssp,paired_chain,32.6439495110498,covabdab,100,1.31729148693049,,,0.528846153846154
covid,2,LD1,1792,0,0.1,0.25,0.529155266757866,1,0.234223404030503,16,Unpooled,antiberta2-cssp,paired_chain,52.1319950028002,covabdab,100,1.31729148693049,,,0.429155266757866
covid,3,LD1,1792,0,0.10899209486166,0.222222222222222,0.4375,0.928571428571429,0.256858587431325,16,Unpooled,antiberta2-cssp,paired_chain,77.3514840821953,covabdab,100,1.31729148693049,,,0.32850790513834
covid,4,LD1,1792,0,0.114195298372514,0.214019675098681,0.381032011466794,0.777777777777778,0.279493770832146,16,Unpooled,antiberta2-cssp,paired_chain,107.065782104855,covabdab,100,1.31729148693049,,,0.266836713094281
covid,5,LD1,1792,0,0.119907975460123,0.201486396893425,0.342270430751602,0.675438596491228,0.302128954232968,16,Unpooled,antiberta2-cssp,paired_chain,141.704260543661,covabdab,100,1.31729148693049,,,0.222362455291479
covid,6,LD1,1792,0,0.124628420613974,0.192153846153846,0.308919885550787,0.584615384615385,0.32476413763379,16,Unpooled,antiberta2-cssp,paired_chain,186.726144832637,covabdab,100,1.31729148693049,,,0.184291464936813
covid,7,LD1,1792,0,0.123922169276152,0.188288050646267,0.282405522331085,0.51953125,0.347399321034611,16,Unpooled,antiberta2-cssp,paired_chain,252.254124843838,covabdab,100,1.31729148693049,,,0.158483353054934
covid,8,LD1,1792,0,0.127976744186047,0.181318224740321,0.255520619709001,0.444444444444444,0.370034504435433,16,Unpooled,antiberta2-cssp,paired_chain,352.984060655667,covabdab,100,1.31729148693049,,,0.127543875522955
covid,9,LD1,1792,0,0.131713787614644,0.176883469743727,0.237088601020893,0.394822006472492,0.392669687836254,16,Unpooled,antiberta2-cssp,paired_chain,512.533364924827,covabdab,100,1.31729148693049,,,0.105374813406249
covid,10,LD1,1792,0,0.133967079491948,0.173155962066468,0.225199769398612,0.357142857142857,0.415304871237076,16,Unpooled,antiberta2-cssp,paired_chain,751.367315728256,covabdab,100,1.31729148693049,,,0.0912326899066641
covid,11,LD1,1792,0.0285714285714286,0.135385982783271,0.169584792396198,0.219507822685789,0.342579750346741,0.437940054637898,16,Unpooled,antiberta2-cssp,paired_chain,1066.0054926119,covabdab,100,1.31729148693049,,,0.0841218399025178
covid,12,LD1,1792,0.0270935960591133,0.136562759291292,0.169645687236957,0.214953924309849,0.331887201735358,0.460575238038719,16,Unpooled,antiberta2-cssp,paired_chain,1415.24634902856,covabdab,100,1.31729148693049,,,0.0783911650185569
covid,13,LD1,1792,0.0354430379746835,0.135567783891946,0.170747429574074,0.21187482786337,0.320481927710843,0.483210421439541,16,Unpooled,antiberta2-cssp,paired_chain,1723.17055098436,covabdab,100,1.31729148693049,,,0.0763070439714239
covid,14,LD1,1792,0.0368550368550369,0.136068034017009,0.171335667833917,0.214232116058029,0.331165582791396,0.505845604840363,16,Unpooled,antiberta2-cssp,paired_chain,1899,covabdab,100,1.31729148693049,,,0.0781640820410205
covid,0,LD1,1710,0,0,0.310661764705882,0.77420424403183,1,0.00375300333939957,1,Unpooled,esm2,paired_chain,19,covabdab,0,1.43469306589272,,,0.77420424403183
covid,1,LD1,1710,0,0.0646914446002805,0.285714285714286,0.625,1,0.00432855398010256,1,Unpooled,esm2,paired_chain,35.0968770191686,covabdab,0,1.43469306589272,,,0.56030855539972
covid,2,LD1,1710,0,0.101912212081704,0.259950495049505,0.516129032258065,1,0.00490410462080556,1,Unpooled,esm2,paired_chain,58.5455093689425,covabdab,0,1.43469306589272,,,0.414216820176361
covid,3,LD1,1710,0,0.115523968784838,0.236840776600992,0.446217494089835,0.935483870967742,0.00547965526150855,1,Unpooled,esm2,paired_chain,90.6622873142365,covabdab,0,1.43469306589272,,,0.330693525304996
covid,4,LD1,1710,0,0.128205128205128,0.212738361343378,0.385811263828361,0.769230769230769,0.00605520590221155,1,Unpooled,esm2,paired_chain,133.847426233039,covabdab,0,1.43469306589272,,,0.257606135623233
covid,5,LD1,1710,0,0.135357926065163,0.20440302105094,0.328459821428571,0.614973262032086,0.00663075654291454,1,Unpooled,esm2,paired_chain,192.243247900065,covabdab,0,1.43469306589272,,,0.193101895363409
covid,6,LD1,1710,0,0.136161915008069,0.196396737075253,0.279917780551655,0.495049504950495,0.00720630718361753,1,Unpooled,esm2,paired_chain,272.781434417403,covabdab,0,1.43469306589272,,,0.143755865543586
covid,7,LD1,1710,0,0.137931034482759,0.189563978141519,0.254927937752365,0.43,0.00778185782432053,1,Unpooled,esm2,paired_chain,387.774886926556,covabdab,0,1.43469306589272,,,0.116996903269607
covid,8,LD1,1710,0,0.140955675882146,0.183582394317003,0.242655432254313,0.388888888888889,0.00835740846502352,1,Unpooled,esm2,paired_chain,559.022291621796,covabdab,0,1.43469306589272,,,0.101699756372166
covid,9,LD1,1710,0.0127659574468085,0.142857142857143,0.180562419384175,0.237196115367971,0.375394321766562,0.00893295910572651,1,Unpooled,esm2,paired_chain,806.212319620935,covabdab,0,1.43469306589272,,,0.094338972510828
covid,10,LD1,1710,0.0201729106628242,0.142340245063341,0.178987072392014,0.230356443006301,0.359979101358412,0.00950850974642951,1,Unpooled,esm2,paired_chain,1104.93760499677,covabdab,0,1.43469306589272,,,0.0880161979429602
covid,11,LD1,1710,0.0198198198198198,0.142071035517759,0.177088544272136,0.225505691019077,0.350175087543772,0.0100840603871325,1,Unpooled,esm2,paired_chain,1400.7981908249,covabdab,0,1.43469306589272,,,0.0834346555013185
covid,12,LD1,1710,0.0233463035019455,0.14207388401359,0.176529441191184,0.223611805902952,0.345672836418209,0.0106596110278355,1,Unpooled,esm2,paired_chain,1644.2129226793,covabdab,0,1.43469306589272,,,0.0815379218893612
covid,13,LD1,1710,0.0303030303030303,0.141917172765282,0.176338169084542,0.223111555777889,0.344672336168084,0.0112351616685385,1,Unpooled,esm2,paired_chain,1806.66605642903,covabdab,0,1.43469306589272,,,0.0811943830126068
covid,14,LD1,1710,0.0265486725663717,0.143071535767884,0.176338169084542,0.223111555777889,0.342671335667834,0.0118107123092415,1,Unpooled,esm2,paired_chain,1899,covabdab,0,1.43469306589272,,,0.080040020010005
hb,0,LD1,338,0,0,0,0.5,1,0.0220454769072763,1,Att_mat,antiberta2-cssp,cdr3_only,19.0000403388463,porebski,0,1.71117088921001,,,0.5
hb,1,LD1,338,0,0,0.333333333333333,0.666666666666667,1,0.0270482379837082,1,Att_mat,antiberta2-cssp,cdr3_only,44.6360629286002,porebski,0,1.71117088921001,,,0.666666666666667
hb,2,LD1,338,0,0,0.468627450980392,0.666666666666667,1,0.03205099906014,1,Att_mat,antiberta2-cssp,cdr3_only,87.7902379991932,porebski,0,1.71117088921001,,,0.666666666666667
hb,3,LD1,338,0,0.278539089659633,0.5,0.666666666666667,1,0.0370537601365718,1,Att_mat,antiberta2-cssp,cdr3_only,158.31278741428,porebski,0,1.71117088921001,,,0.388127577007034
hb,4,LD1,338,0,0.327176440196332,0.496428571428571,0.666666666666667,1,0.0420565212130037,1,Att_mat,antiberta2-cssp,cdr3_only,267.523799919322,porebski,0,1.71117088921001,,,0.339490226470335
hb,5,LD1,338,0,0.321987282178703,0.443332332432523,0.583333333333333,0.928571428571429,0.0470592822894355,1,Att_mat,antiberta2-cssp,cdr3_only,416.260467930617,porebski,0,1.71117088921001,,,0.26134605115463
hb,6,LD1,338,0,0.287234042553192,0.39811320754717,0.520656380685213,0.821428571428571,0.0520620433658673,1,Att_mat,antiberta2-cssp,cdr3_only,599.590762404195,porebski,0,1.71117088921001,,,0.233422338132021
hb,7,LD1,338,0,0.263084686410006,0.373875321336761,0.481442200345073,0.775862068965517,0.0570648044422992,1,Att_mat,antiberta2-cssp,cdr3_only,805.203832190399,porebski,0,1.71117088921001,,,0.218357513935067
hb,8,LD1,338,0,0.240859931870988,0.336129671653499,0.430055323472959,0.692307692307692,0.062067565518731,1,Att_mat,antiberta2-cssp,cdr3_only,1014.74638967326,porebski,0,1.71117088921001,,,0.189195391601971
hb,9,LD1,338,0,0.227236291821561,0.300074508926638,0.387959924055584,0.605633802816901,0.0670703265951628,1,Att_mat,antiberta2-cssp,cdr3_only,1218.27063331989,porebski,0,1.71117088921001,,,0.160723632234023
hb,10,LD1,338,0.109054527263632,0.217826797966511,0.288644322161081,0.354405360510012,0.547368421052632,0.0720730876715947,1,Att_mat,antiberta2-cssp,cdr3_only,1408.69467527229,porebski,0,1.71117088921001,,,0.1365785625435
hb,11,LD1,338,0.109054527263632,0.211289367352202,0.279889944972486,0.331507995376999,0.497435897435897,0.0770758487480265,1,Att_mat,antiberta2-cssp,cdr3_only,1576.05849132715,porebski,0,1.71117088921001,,,0.120218628024797
hb,12,LD1,338,0.109054527263632,0.210105052526263,0.276138069034517,0.312531265632816,0.443823365008385,0.0820786098244583,1,Att_mat,antiberta2-cssp,cdr3_only,1715.58588140379,porebski,0,1.71117088921001,,,0.102426213106553
hb,13,LD1,338,0.109054527263632,0.208229114557279,0.273798528510081,0.30440220110055,0.43271635817909,0.0870813709008902,1,Att_mat,antiberta2-cssp,cdr3_only,1822.93263412666,porebski,0,1.71117088921001,,,0.0961730865432716
hb,14,LD1,338,0.109054527263632,0.209868920474223,0.271385692846423,0.300650325162581,0.43271635817909,0.092084131977322,1,Att_mat,antiberta2-cssp,cdr3_only,1899,porebski,0,1.71117088921001,,,0.0907814046883582
hb,0,LD1,160,0,0,0,1,1,0.00229905117709223,5,Att_mat,esm2,cdr3_only,19,porebski,12.5,2.31115292190947,,,1
hb,1,LD1,160,0,0,0.677083333333333,1,1,0.00287321535816289,5,Att_mat,esm2,cdr3_only,49.141508672852,porebski,12.5,2.31115292190947,,,1
hb,2,LD1,160,0,0.347991543340381,0.666666666666667,0.86639058413252,1,0.00344737953923355,5,Att_mat,esm2,cdr3_only,108.479548204921,porebski,12.5,2.31115292190947,,,0.518399040792139
hb,3,LD1,160,0,0.442261330761813,0.631006864988558,0.751024590163934,1,0.00402154372030421,5,Att_mat,esm2,cdr3_only,211.749576442114,porebski,12.5,2.31115292190947,,,0.308763259402122
hb,4,LD1,160,0,0.382554521635264,0.562017988520484,0.664505347593583,1,0.00459570790137487,5,Att_mat,esm2,cdr3_only,368.4480839048,porebski,12.5,2.31115292190947,,,0.281950825958319
hb,5,LD1,160,0,0.352490502321655,0.498154015704643,0.600684931506849,0.87719298245614,0.00516987208244553,5,Att_mat,esm2,cdr3_only,569.284550221864,porebski,12.5,2.31115292190947,,,0.248194429185195
hb,6,LD1,160,0.0927835051546392,0.324295285316084,0.444189058379101,0.525172516111492,0.772727272727273,0.00574403626351618,5,Att_mat,esm2,cdr3_only,791.915933844292,porebski,12.5,2.31115292190947,,,0.200877230795408
hb,7,LD1,160,0.104395604395604,0.318909454727364,0.398651119281614,0.46347661583283,0.665207877461707,0.00631820044458684,5,Att_mat,esm2,cdr3_only,1014.51573215006,porebski,12.5,2.31115292190947,,,0.144567161105466
hb,8,LD1,160,0.140724946695096,0.30532634261201,0.366756065866962,0.425573528208971,0.604006163328197,0.0068923646256575,5,Att_mat,esm2,cdr3_only,1224.04578459056,porebski,12.5,2.31115292190947,,,0.120247185596961
hb,9,LD1,160,0.128647214854111,0.293101601038489,0.345880660918695,0.407004678515434,0.530674846625767,0.00746652880672816,5,Att_mat,esm2,cdr3_only,1410.44735780557,porebski,12.5,2.31115292190947,,,0.113903077476945
hb,10,LD1,160,0.1468671679198,0.289918384885138,0.340670335167584,0.399679593089124,0.507253626813407,0.00804069298779882,5,Att_mat,esm2,cdr3_only,1566.65381202098,porebski,12.5,2.31115292190947,,,0.109761208203986
hb,11,LD1,160,0.147073536768384,0.288394197098549,0.334917458729365,0.393571785892947,0.507253626813407,0.00861485716886948,5,Att_mat,esm2,cdr3_only,1689.25344897136,porebski,12.5,2.31115292190947,,,0.105177588794397
hb,12,LD1,160,0.147073536768384,0.286018009004502,0.332416208104052,0.393571785892947,0.507253626813407,0.00918902134994013,5,Att_mat,esm2,cdr3_only,1782.42654296087,porebski,12.5,2.31115292190947,,,0.107553776888444
hb,13,LD1,160,0.147073536768384,0.286018009004502,0.332416208104052,0.393571785892947,0.507253626813407,0.00976318553101079,5,Att_mat,esm2,cdr3_only,1851.29092375958,porebski,12.5,2.31115292190947,,,0.107553776888444
hb,14,LD1,160,0.147073536768384,0.28464232116058,0.332416208104052,0.389819909954978,0.507253626813407,0.0103373497120815,5,Att_mat,esm2,cdr3_only,1899,porebski,12.5,2.31115292190947,,,0.105177588794397
hb,0,LD1,318,0,0,0,0.666666666666667,1,0.0398017322486124,7,Pooled,antiberta2-cssp,cdr3_only,19.0002420330779,porebski,40,2.15661432320644,,,0.666666666666667
hb,1,LD1,318,0,0,0.333333333333333,0.7,1,0.0472018285833376,7,Pooled,antiberta2-cssp,cdr3_only,41.6045179507866,porebski,40,2.15661432320644,,,0.7
hb,2,LD1,318,0,0,0.497058823529412,0.677083333333333,1,0.0546019249180629,7,Pooled,antiberta2-cssp,cdr3_only,84.6498588140379,porebski,40,2.15661432320644,,,0.677083333333333
hb,3,LD1,318,0,0.291271347248577,0.474021592442645,0.6,1,0.0620020212527882,7,Pooled,antiberta2-cssp,cdr3_only,151.933198870512,porebski,40,2.15661432320644,,,0.308728652751423
hb,4,LD1,318,0,0.324346672111066,0.449137931034483,0.555555555555556,0.894736842105263,0.0694021175875134,7,Pooled,antiberta2-cssp,cdr3_only,255.201452198467,porebski,40,2.15661432320644,,,0.23120888344449
hb,5,LD1,318,0.112244897959184,0.306514913657771,0.393939393939394,0.5,0.777777777777778,0.0768022139222387,7,Pooled,antiberta2-cssp,cdr3_only,404.229245663574,porebski,40,2.15661432320644,,,0.193485086342229
hb,6,LD1,318,0.111111111111111,0.282636727434415,0.354303135170766,0.444368755676658,0.642857142857143,0.0842023102569639,7,Pooled,antiberta2-cssp,cdr3_only,592.034449374748,porebski,40,2.15661432320644,,,0.161732028242242
hb,7,LD1,318,0.125,0.255042590806815,0.319081230217167,0.4,0.590909090909091,0.0916024065916892,7,Pooled,antiberta2-cssp,cdr3_only,801.521218233159,porebski,40,2.15661432320644,,,0.144957409193186
hb,8,LD1,318,0.0769230769230769,0.236196633825944,0.279838064019094,0.365686849661901,0.548387096774194,0.0990025029264145,7,Pooled,antiberta2-cssp,cdr3_only,1018.95280354982,porebski,40,2.15661432320644,,,0.129490215835957
hb,9,LD1,318,0.116279069767442,0.220610305152576,0.259861982434128,0.323606634085474,0.475177304964539,0.10640259926114,7,Pooled,antiberta2-cssp,cdr3_only,1229.64517950787,porebski,40,2.15661432320644,,,0.102996328932897
hb,10,LD1,318,0.134567283641821,0.207292175872474,0.250765534500766,0.293180625983564,0.410071942446043,0.113802695595865,7,Pooled,antiberta2-cssp,cdr3_only,1422.89636950383,porebski,40,2.15661432320644,,,0.0858884501110899
hb,11,LD1,318,0.133734939759036,0.200600300150075,0.240370185092546,0.27663831915958,0.385558583106267,0.12120279193059,7,Pooled,antiberta2-cssp,cdr3_only,1589.12416296894,porebski,40,2.15661432320644,,,0.0760380190095048
hb,12,LD1,318,0.134067033516758,0.198662667854004,0.233406483763144,0.265882941470735,0.358179089544772,0.128602888265316,7,Pooled,antiberta2-cssp,cdr3_only,1724.2891085115,porebski,40,2.15661432320644,,,0.0672202736167319
hb,13,LD1,318,0.130691898285038,0.197723861930965,0.229864932466233,0.263123930955213,0.358179089544772,0.136002984600041,7,Pooled,antiberta2-cssp,cdr3_only,1827.0846712384,porebski,40,2.15661432320644,,,0.0654000690242474
hb,14,LD1,318,0.125562781390695,0.197223611805903,0.229114557278639,0.262422592424309,0.358179089544772,0.143403080934766,7,Pooled,antiberta2-cssp,cdr3_only,1899,porebski,40,2.15661432320644,,,0.0651989806184062
hb,0,LD1,207,0,0,0.5,1,1,0.00741230585548271,7,Pooled,esm2,cdr3_only,19,porebski,18.75,3.02767516342255,,,1
hb,1,LD1,207,0,0.225,0.692307692307692,1,1,0.00881040152976532,7,Pooled,esm2,cdr3_only,43.8958450988302,porebski,18.75,3.02767516342255,,,0.775
hb,2,LD1,207,0,0.452272727272727,0.666666666666667,0.837121212121212,1,0.0102084972040479,7,Pooled,esm2,cdr3_only,90.4372730939895,porebski,18.75,3.02767516342255,,,0.384848484848485
hb,3,LD1,207,0.166666666666667,0.5,0.606060606060606,0.728342245989305,1,0.0116065928783306,7,Pooled,esm2,cdr3_only,169.389310205728,porebski,18.75,3.02767516342255,,,0.228342245989305
hb,4,LD1,207,0.166666666666667,0.44693733451015,0.550847457627119,0.656924476797088,0.925,0.0130046885526132,7,Pooled,esm2,cdr3_only,291.893626462283,porebski,18.75,3.02767516342255,,,0.209987142286938
hb,5,LD1,207,0.166666666666667,0.394007360951166,0.492993630573248,0.573001942788236,0.829059829059829,0.0144027842268958,7,Pooled,esm2,cdr3_only,460.151432029044,porebski,18.75,3.02767516342255,,,0.17899458183707
hb,6,LD1,207,0.165137614678899,0.355691369234709,0.430851063829787,0.512764227642276,0.72,0.0158008799011784,7,Pooled,esm2,cdr3_only,663.10645421541,porebski,18.75,3.02767516342255,,,0.157072858407567
hb,7,LD1,207,0.157894736842105,0.336170315022292,0.387692307692308,0.459249578347442,0.64,0.017198975575461,7,Pooled,esm2,cdr3_only,882.729366680113,porebski,18.75,3.02767516342255,,,0.12307926332515
hb,8,LD1,207,0.16304347826087,0.304085135820374,0.354177088544272,0.409774436090226,0.566265060240964,0.0185970712497436,7,Pooled,esm2,cdr3_only,1100.03344090359,porebski,18.75,3.02767516342255,,,0.105689300269851
hb,9,LD1,207,0.186093046523262,0.289210690133097,0.336374002280502,0.375977434346171,0.5,0.0199951669240263,7,Pooled,esm2,cdr3_only,1305.00673658733,porebski,18.75,3.02767516342255,,,0.0867667442130744
hb,10,LD1,207,0.186093046523262,0.281890945472736,0.323603002502085,0.361812585499316,0.465732866433217,0.0213932625983089,7,Pooled,esm2,cdr3_only,1486.81657926583,porebski,18.75,3.02767516342255,,,0.0799216400265796
hb,11,LD1,207,0.168421052631579,0.277358426896249,0.319159579789895,0.35167583791896,0.461230615307654,0.0227913582725915,7,Pooled,esm2,cdr3_only,1636.4699475595,porebski,18.75,3.02767516342255,,,0.0743174110227102
hb,12,LD1,207,0.178589294647324,0.275665933742065,0.310987903225806,0.347173586793397,0.452726363181591,0.0241894539468741,7,Pooled,esm2,cdr3_only,1753.19507866075,porebski,18.75,3.02767516342255,,,0.0715076530513319
hb,13,LD1,207,0.178589294647324,0.273636818409205,0.309654827413707,0.346423211605803,0.452726363181591,0.0255875496211567,7,Pooled,esm2,cdr3_only,1839.74175070593,porebski,18.75,3.02767516342255,,,0.0727863931965983
hb,14,LD1,207,0.178589294647324,0.273636818409205,0.306153076538269,0.34592296148074,0.452726363181591,0.0269856452954394,7,Pooled,esm2,cdr3_only,1899,porebski,18.75,3.02767516342255,,,0.0722861430715358
hb,0,LD1,392,0,0,0,0.666666666666667,1,0.083603891965463,1,Unpooled,antiberta2-cssp,cdr3_only,19.0000806776926,porebski,0,1.87849133826993,,,0.666666666666667
hb,1,LD1,392,0,0,0.464102564102564,0.666666666666667,1,0.0976034791110207,1,Unpooled,antiberta2-cssp,cdr3_only,70.5339249697459,porebski,0,1.87849133826993,,,0.666666666666667
hb,2,LD1,392,0,0.325630865332691,0.5,0.7,1,0.111603066256578,1,Unpooled,antiberta2-cssp,cdr3_only,122.206050826946,porebski,0,1.87849133826993,,,0.374369134667309
hb,3,LD1,392,0,0.350923002186058,0.52963125548727,0.692307692307692,1,0.125602653402136,1,Unpooled,antiberta2-cssp,cdr3_only,152.652521177894,porebski,0,1.87849133826993,,,0.341384690121634
hb,4,LD1,392,0,0.34989837398374,0.487445887445888,0.632791777188329,1,0.139602240547694,1,Unpooled,antiberta2-cssp,cdr3_only,288.181807180315,porebski,0,1.87849133826993,,,0.282893403204589
hb,5,LD1,392,0,0.331520028330841,0.450225225225225,0.583445945945946,0.947368421052632,0.153601827693251,1,Unpooled,antiberta2-cssp,cdr3_only,491.851270673659,porebski,0,1.87849133826993,,,0.251925917615105
hb,6,LD1,392,0,0.319038437372373,0.418083044466808,0.562680859859446,0.916666666666667,0.167601414838809,1,Unpooled,antiberta2-cssp,cdr3_only,601.911940298508,porebski,0,1.87849133826993,,,0.243642422487073
hb,7,LD1,392,0,0.288559916537756,0.393967820797089,0.5,0.8,0.181601001984367,1,Unpooled,antiberta2-cssp,cdr3_only,777.51355385236,porebski,0,1.87849133826993,,,0.211440083462244
hb,8,LD1,392,0.125,0.246430298738798,0.333309533742993,0.437497194720641,0.712328767123288,0.195600589129924,1,Unpooled,antiberta2-cssp,cdr3_only,1035.10960064542,porebski,0,1.87849133826993,,,0.191066895981844
hb,9,LD1,392,0.125062531265633,0.237993996998499,0.298262129587689,0.396294772422515,0.633507853403141,0.209600176275482,1,Unpooled,antiberta2-cssp,cdr3_only,1194.15913674869,porebski,0,1.87849133826993,,,0.158300775424016
hb,10,LD1,392,0.125062531265633,0.231214926121342,0.289894947473737,0.361761109536313,0.540942928039702,0.22359976342104,1,Unpooled,antiberta2-cssp,cdr3_only,1345.92916498588,porebski,0,1.87849133826993,,,0.130546183414971
hb,11,LD1,392,0.125062531265633,0.221235617808904,0.27625728468242,0.320260074768409,0.461439588688946,0.237599350566597,1,Unpooled,antiberta2-cssp,cdr3_only,1546.81569181121,porebski,0,1.87849133826993,,,0.0990244569595041
hb,12,LD1,392,0.125062531265633,0.214342651904304,0.271635817908954,0.301900950475238,0.429590017825312,0.251598937712155,1,Unpooled,antiberta2-cssp,cdr3_only,1699.31928196854,porebski,0,1.87849133826993,,,0.0875582985709337
hb,13,LD1,392,0.125062531265633,0.206481528225887,0.268634317158579,0.300275137568784,0.410066617320503,0.265598524857713,1,Unpooled,antiberta2-cssp,cdr3_only,1804.56329164986,porebski,0,1.87849133826993,,,0.0937936093428978
hb,14,LD1,392,0.125062531265633,0.206103051525763,0.267633816908454,0.297773886943472,0.432692307692308,0.27959811200327,1,Unpooled,antiberta2-cssp,cdr3_only,1899,porebski,0,1.87849133826993,,,0.0916708354177088
hb,0,LD1,239,0,0,0.666666666666667,1,1,0.0324244840133784,9,Unpooled,esm2,cdr3_only,19,porebski,25,2.9560210561945,,,1
hb,1,LD1,239,0,0.17156862745098,0.75,1,1,0.0375136696117432,9,Unpooled,esm2,cdr3_only,39.7473174667205,porebski,25,2.9560210561945,,,0.82843137254902
hb,2,LD1,239,0,0.5,0.731707317073171,0.923745173745174,1,0.0426028552101081,9,Unpooled,esm2,cdr3_only,77.5057684550222,porebski,25,2.9560210561945,,,0.423745173745174
hb,3,LD1,239,0.115384615384615,0.545454545454545,0.68,0.844951923076923,1,0.0476920408084729,9,Unpooled,esm2,cdr3_only,142.292416296894,porebski,25,2.9560210561945,,,0.299497377622378
hb,4,LD1,239,0.2,0.5,0.633802816901409,0.756810035842294,1,0.0527812264068377,9,Unpooled,esm2,cdr3_only,244.162767244857,porebski,25,2.9560210561945,,,0.256810035842294
hb,5,LD1,239,0.142857142857143,0.462637820809784,0.563380281690141,0.697328244274809,1,0.0578704120052026,9,Unpooled,esm2,cdr3_only,386.507704719645,porebski,25,2.9560210561945,,,0.234690423465025
hb,6,LD1,239,0.152542372881356,0.405001553277415,0.496170212765957,0.599638989169675,0.867469879518072,0.0629595976035674,9,Unpooled,esm2,cdr3_only,564.987454618798,porebski,25,2.9560210561945,,,0.19463743589226
hb,7,LD1,239,0.1,0.357788292642562,0.435950413223141,0.531450922735951,0.787234042553192,0.0680487832019323,9,Unpooled,esm2,cdr3_only,765.808793868495,porebski,25,2.9560210561945,,,0.173662630093389
hb,8,LD1,239,0.135135135135135,0.317434644954628,0.379912663755459,0.452215500603817,0.650862068965517,0.0731379688002971,9,Unpooled,esm2,cdr3_only,975.129366680113,porebski,25,2.9560210561945,,,0.134780855649189
hb,9,LD1,239,0.191428571428571,0.303651825912957,0.347673836918459,0.398449224612306,0.537313432835821,0.0782271543986619,9,Unpooled,esm2,cdr3_only,1184.89277934651,porebski,25,2.9560210561945,,,0.0947973986993497
hb,10,LD1,239,0.211678832116788,0.300150075037519,0.332166083041521,0.377983436162526,0.489244622311156,0.0833163399970267,9,Unpooled,esm2,cdr3_only,1383.27732956837,porebski,25,2.9560210561945,,,0.0778333611250069
hb,11,LD1,239,0.196598299149575,0.296648324162081,0.329664832416208,0.369684842421211,0.452226113056528,0.0884055255953916,9,Unpooled,esm2,cdr3_only,1562.41992739008,porebski,25,2.9560210561945,,,0.0730365182591295
hb,12,LD1,239,0.196598299149575,0.294897448724362,0.32616308154077,0.367933966983492,0.458081244598099,0.0934947111937564,9,Unpooled,esm2,cdr3_only,1711.32989108512,porebski,25,2.9560210561945,,,0.0730365182591295
hb,13,LD1,239,0.196598299149575,0.294897448724362,0.32416208104052,0.366183091545773,0.456728364182091,0.0985838967921213,9,Unpooled,esm2,cdr3_only,1822.67466720452,porebski,25,2.9560210561945,,,0.0712856428214107
hb,14,LD1,239,0.192946058091286,0.294897448724362,0.323661830915458,0.365182591295648,0.456728364182091,0.103673082390486,9,Unpooled,esm2,cdr3_only,1899,porebski,25,2.9560210561945,,,0.0702851425712856
hb,1,LD-1,582,0,0,0,0,0,,,LD,antiberta2-cssp,cdr3_only,5.75132676269902,porebski,,,0.108794541319181,9.08779316524173,0
hb,1,LD-1,582,0,0,0,0,0,,,LD,esm2,cdr3_only,5.75132676269902,porebski,,,0.108794541319181,9.08779316524173,0
hb,2,LD-1,582,0,0,0.0619517543859649,0.128409090909091,0.3,,,LD,antiberta2-cssp,cdr3_only,57.158453373768,porebski,,,0.0394238059135709,10.3608087784742,0.128409090909091
hb,2,LD-1,582,0,0,0.0619517543859649,0.128409090909091,0.3,,,LD,esm2,cdr3_only,57.158453373768,porebski,,,0.0394238059135709,10.3608087784742,0.128409090909091
hb,3,LD-1,582,0,0.0552274715660542,0.0990545000445991,0.122717508055854,0.222222222222222,,,LD,antiberta2-cssp,cdr3_only,282.668309325246,porebski,,,0.0106141015921152,10.477019663185,0.0674900364897997
hb,3,LD-1,582,0,0.0552274715660542,0.0990545000445991,0.122717508055854,0.222222222222222,,,LD,esm2,cdr3_only,282.668309325246,porebski,,,0.0106141015921152,10.477019663185,0.0674900364897997
hb,4,LD-1,582,0.0476190476190476,0.0890946130637716,0.104983535169957,0.117595759233926,0.159574468085106,,,LD,antiberta2-cssp,cdr3_only,970.068612585292,porebski,,,0.000758150113722517,10.7125487971783,0.0285011461701545
hb,4,LD-1,582,0.0476190476190476,0.0890946130637716,0.104983535169957,0.117595759233926,0.159574468085106,,,LD,esm2,cdr3_only,970.068612585292,porebski,,,0.000758150113722517,10.7125487971783,0.0285011461701545
hb,1,LD-1,10153,0,0,0.6,1,1,,,LD,antiberta2-cssp,heavy_chain,8.69511841253543,brian_hie,,,0.0777884422222718,71.3117846195654,1
hb,1,LD-1,10153,0,0,0.6,1,1,,,LD,esm2,heavy_chain,8.69511841253543,brian_hie,,,0.0777884422222718,71.3117846195654,1
hb,2,LD-1,10153,0.3,0.6,0.724137931034483,0.804878048780488,1,,,LD,antiberta2-cssp,heavy_chain,92.826677975938,brian_hie,,,0.0210039954465302,73.2612701100958,0.204878048780488
hb,2,LD-1,10153,0.3,0.6,0.724137931034483,0.804878048780488,1,,,LD,esm2,heavy_chain,92.826677975938,brian_hie,,,0.0210039954465302,73.2612701100958,0.204878048780488
hb,3,LD-1,10153,0.520833333333333,0.669642857142857,0.724095646842428,0.769230769230769,0.916666666666667,,,LD,antiberta2-cssp,heavy_chain,528.405348094909,brian_hie,,,0.00482132095265731,72.9406468666087,0.0995879120879122
hb,3,LD-1,10153,0.520833333333333,0.669642857142857,0.724095646842428,0.769230769230769,0.916666666666667,,,LD,esm2,heavy_chain,528.405348094909,brian_hie,,,0.00482132095265731,72.9406468666087,0.0995879120879122
covid,1,LD-1,1813,0,0,0,0,0,,,LD,antiberta2-cssp,paired_chain,0.0101881986698741,covabdab,,,0.991509834441772,0.849016555822835,0
covid,1,LD-1,1813,0,0,0,0,0,,,LD,esm2,paired_chain,0.0101881986698741,covabdab,,,0.991509834441772,0.849016555822835,0
covid,2,LD-1,1813,0,0,0,0,0,,,LD,antiberta2-cssp,paired_chain,0.0224989387293052,covabdab,,,0.980614121975379,1.92443752653176,0
covid,2,LD-1,1813,0,0,0,0,0,,,LD,esm2,paired_chain,0.0224989387293052,covabdab,,,0.980614121975379,1.92443752653176,0
covid,3,LD-1,1813,0,0,0,0,0,,,LD,antiberta2-cssp,paired_chain,0.047544927126079,covabdab,,,0.967312862600821,3.24041318805717,0
covid,3,LD-1,1813,0,0,0,0,0,,,LD,esm2,paired_chain,0.047544927126079,covabdab,,,0.967312862600821,3.24041318805717,0
covid,4,LD-1,1813,0,0,0,0,0,,,LD,antiberta2-cssp,paired_chain,0.0846186500636762,covabdab,,,0.956700155653035,4.25923305504457,0
covid,4,LD-1,1813,0,0,0,0,0,,,LD,esm2,paired_chain,0.0846186500636762,covabdab,,,0.956700155653035,4.25923305504457,0
covid,5,LD-1,1813,0,0,0,0,0,,,LD,antiberta2-cssp,paired_chain,0.140795245507287,covabdab,,,0.943398896278477,5.52568275081365,0
covid,5,LD-1,1813,0,0,0,0,0,,,LD,esm2,paired_chain,0.140795245507287,covabdab,,,0.943398896278477,5.52568275081365,0
covid,6,LD-1,1813,0,0,0,0,0,,,LD,antiberta2-cssp,paired_chain,0.19442479128343,covabdab,,,0.932503183812084,6.51620206594029,0
covid,6,LD-1,1813,0,0,0,0,0,,,LD,esm2,paired_chain,0.19442479128343,covabdab,,,0.932503183812084,6.51620206594029,0
covid,7,LD-1,1813,0,0,0,0,0,,,LD,antiberta2-cssp,paired_chain,0.242960237724636,covabdab,,,0.921465968586387,7.56565365204109,0
covid,7,LD-1,1813,0,0,0,0,0,,,LD,esm2,paired_chain,0.242960237724636,covabdab,,,0.921465968586387,7.56565365204109,0
hb,1,LD-1,3696,0,0,0,0,0,,,LD,antiberta2-cssp,paired_chain,1.72327654156309,alphaseq,,,0.712847874856,18.4973786839117,0
hb,1,LD-1,3696,0,0,0,0,0,,,LD,esm2,paired_chain,1.72327654156309,alphaseq,,,0.712847874856,18.4973786839117,0
hb,2,LD-1,3696,0,0.428571428571429,0.625,0.8,1,,,LD,antiberta2-cssp,paired_chain,57.6577942157279,alphaseq,,,0.00491117443764021,60.5552900943534,0.371428571428572
hb,2,LD-1,3696,0,0.428571428571429,0.625,0.8,1,,,LD,esm2,paired_chain,57.6577942157279,alphaseq,,,0.00491117443764021,60.5552900943534,0.371428571428572
hb,3,LD-1,3696,0.155844155844156,0.457273519163763,0.562670765027322,0.660843920145191,0.88659793814433,,,LD,antiberta2-cssp,paired_chain,592.973867701449,alphaseq,,,0,53.4626304762006,0.203570400981427
hb,3,LD-1,3696,0.155844155844156,0.457273519163763,0.562670765027322,0.660843920145191,0.88659793814433,,,LD,esm2,paired_chain,592.973867701449,alphaseq,,,0,53.4626304762006,0.203570400981427
