Affinity,Threshold,method,count,lower_whisker,Q1,median,Q3,upper_whisker,Threshold_original,layer,type,model,chain,Mean_Num_Points,layer_norm2,Loneliness,Vicinty_corr,IQR
hb,0,LD1,12626,0.724137931034483,0.888888888888889,1,1,1,0.00488633174898545,1,Att_mat,antiberta2-cssp,paired_chain,19.0000103040732,0,,,0.111111111111111
hb,1,LD1,12626,0.703703703703704,0.880238095238095,1,1,1,0.00558899636482831,1,Att_mat,antiberta2-cssp,paired_chain,35.4115549876866,0,,,0.119761904761905
hb,2,LD1,12626,0.615384615384615,0.846153846153846,1,1,1,0.00629166098067117,1,Att_mat,antiberta2-cssp,paired_chain,64.8032437222434,0,,,0.153846153846154
hb,3,LD1,12626,0.516393442622951,0.806451612903226,0.958863819500403,1,1,0.00699432559651402,1,Att_mat,antiberta2-cssp,paired_chain,116.283815392225,0,,,0.193548387096774
hb,4,LD1,12626,0.431818181818182,0.772727272727273,0.928571428571429,1,1,0.00769699021235688,1,Att_mat,antiberta2-cssp,paired_chain,198.657575039413,0,,,0.227272727272727
hb,5,LD1,12626,0.359154929577465,0.73469387755102,0.897810218978102,0.985074626865672,1,0.00839965482819974,1,Att_mat,antiberta2-cssp,paired_chain,326.393862894002,0,,,0.250380749314651
hb,6,LD1,12626,0.288543140028289,0.695433927597393,0.861538461538462,0.966730605285593,1,0.0091023194440426,1,Att_mat,antiberta2-cssp,paired_chain,516.216220672032,0,,,0.271296677688199
hb,7,LD1,12626,0.247524752475248,0.666666666666667,0.828571428571429,0.946515121706938,1,0.00980498405988545,1,Att_mat,antiberta2-cssp,paired_chain,768.512205174706,0,,,0.279848455040271
hb,8,LD1,12626,0.215686274509804,0.639178740596266,0.794117647058824,0.921900420281996,1,0.0105076486757283,1,Att_mat,antiberta2-cssp,paired_chain,1053.04650228235,0,,,0.282721679685729
hb,9,LD1,12626,0.19949494949495,0.616592577799474,0.765122067770257,0.894947473736868,1,0.0112103132915712,1,Att_mat,antiberta2-cssp,paired_chain,1321.9124153778,0,,,0.278354895937394
hb,10,LD1,12626,0.195876288659794,0.600985450465364,0.745331144288125,0.871168367047735,1,0.011912977907414,1,Att_mat,antiberta2-cssp,paired_chain,1535.94968521056,0,,,0.27018291658237
hb,11,LD1,12626,0.20096463022508,0.591795897948975,0.730865432716358,0.852426213106553,1,0.0126156425232569,1,Att_mat,antiberta2-cssp,paired_chain,1684.75391812383,0,,,0.260630315157579
hb,12,LD1,12626,0.202789699570815,0.584792396198099,0.720360180090045,0.840140525512115,1,0.0133183071390997,1,Att_mat,antiberta2-cssp,paired_chain,1781.97659944976,0,,,0.255348129314016
hb,13,LD1,12626,0.204575163398693,0.580681469767142,0.713856928464232,0.83191595797899,1,0.0140209717549426,1,Att_mat,antiberta2-cssp,paired_chain,1849.16482395491,0,,,0.251234488211848
hb,14,LD1,12626,0.200100050025012,0.575787893946974,0.709854927463732,0.826413206603302,1,0.0147236363707855,1,Att_mat,antiberta2-cssp,paired_chain,1899,0,,,0.250625312656328
hb,0,LD1,12542,0,0,1,1,1,0.000366234599227688,9,Att_mat,esm2,paired_chain,19.0000103040732,25,,,1
hb,1,LD1,12542,0,0.333333333333333,1,1,1,0.000433450433168979,9,Att_mat,esm2,paired_chain,39.9197930942101,25,,,0.666666666666667
hb,2,LD1,12542,0.166666666666667,0.666666666666667,0.982456140350877,1,1,0.000500666267110269,9,Att_mat,esm2,paired_chain,79.4411070696246,25,,,0.333333333333333
hb,3,LD1,12542,0.210526315789474,0.683081197900587,0.933333333333333,1,1,0.00056788210105156,9,Att_mat,esm2,paired_chain,151.504095869097,25,,,0.316918802099413
hb,4,LD1,12542,0.166666666666667,0.666666666666667,0.893617021276596,1,1,0.00063509793499285,9,Att_mat,esm2,paired_chain,277.282939546003,25,,,0.333333333333333
hb,5,LD1,12542,0.134615384615385,0.638297872340426,0.85165577935039,0.974358974358974,1,0.00070231376893414,9,Att_mat,esm2,paired_chain,478.217055301961,25,,,0.336061102018549
hb,6,LD1,12542,0.111111111111111,0.611037102822183,0.813611959153595,0.944444444444444,1,0.000769529602875431,9,Att_mat,esm2,paired_chain,743.999052025266,25,,,0.333407341622262
hb,7,LD1,12542,0.1,0.5870908805155,0.776518887546967,0.91304347826087,1,0.000836745436816721,9,Att_mat,esm2,paired_chain,1021.66352048965,25,,,0.325952597745369
hb,8,LD1,12542,0.0870552611657835,0.562370152354571,0.744106675132947,0.879919641799699,1,0.000903961270758012,9,Att_mat,esm2,paired_chain,1268.19413904316,25,,,0.317549489445128
hb,9,LD1,12542,0.0833333333333333,0.543718226877343,0.715586096727994,0.850959446825448,1,0.000971177104699302,9,Att_mat,esm2,paired_chain,1465.70148069532,25,,,0.307241219948105
hb,10,LD1,12542,0.0822429906542056,0.5300842975531,0.694847423711856,0.828890276418998,1,0.00103839293864059,9,Att_mat,esm2,paired_chain,1615.55808921267,25,,,0.298805978865898
hb,11,LD1,12542,0.0802675585284281,0.520164195407642,0.680840420210105,0.813904160516983,1,0.00110560877258188,9,Att_mat,esm2,paired_chain,1723.49426578326,25,,,0.293739965109342
hb,12,LD1,12542,0.0794701986754967,0.513256628314157,0.670157929370476,0.803401700850425,1,0.00117282460652317,9,Att_mat,esm2,paired_chain,1800.90948902101,25,,,0.290145072536268
hb,13,LD1,12542,0.0805402701350675,0.508754377188594,0.664332166083042,0.797398699349675,1,0.00124004044046446,9,Att_mat,esm2,paired_chain,1857.3551092747,25,,,0.288644322161081
hb,14,LD1,12542,0.071535767883942,0.503751875937969,0.659381026072302,0.793896948474237,1,0.00130725627440575,9,Att_mat,esm2,paired_chain,1899,25,,,0.290145072536268
hb,0,LD1,12715,0.523809523809524,0.8,1,1,1,0.00104186068583034,8,Pooled,antiberta2-cssp,paired_chain,19.0000103040732,46.6666666666667,,,0.2
hb,1,LD1,12715,0.588235294117647,0.833333333333333,1,1,1,0.00116593903648986,8,Pooled,antiberta2-cssp,paired_chain,33.4769240280683,46.6666666666667,,,0.166666666666667
hb,2,LD1,12715,0.523809523809524,0.80952380952381,0.970588235294118,1,1,0.00129001738714937,8,Pooled,antiberta2-cssp,paired_chain,57.5625920926542,46.6666666666667,,,0.19047619047619
hb,3,LD1,12715,0.424242424242424,0.769230769230769,0.931034482758621,1,1,0.00141409573780889,8,Pooled,antiberta2-cssp,paired_chain,96.6197075704026,46.6666666666667,,,0.230769230769231
hb,4,LD1,12715,0.363636363636364,0.733333333333333,0.897435897435897,0.98,1,0.00153817408846841,8,Pooled,antiberta2-cssp,paired_chain,159.153231872559,46.6666666666667,,,0.246666666666667
hb,5,LD1,12715,0.304347826086957,0.694444444444445,0.861538461538462,0.954545454545455,1,0.00166225243912792,8,Pooled,antiberta2-cssp,paired_chain,257.688198744964,46.6666666666667,,,0.26010101010101
hb,6,LD1,12715,0.257352941176471,0.66,0.827094474153298,0.928571428571429,1,0.00178633078978744,8,Pooled,antiberta2-cssp,paired_chain,408.780286247154,46.6666666666667,,,0.268571428571429
hb,7,LD1,12715,0.233521657250471,0.633359334373375,0.795180722891566,0.900441921633853,1,0.00191040914044695,8,Pooled,antiberta2-cssp,paired_chain,624.291739224516,46.6666666666667,,,0.267082587260478
hb,8,LD1,12715,0.210526315789474,0.60862674843244,0.768831168831169,0.874567287536683,1,0.00203448749110647,8,Pooled,antiberta2-cssp,paired_chain,891.241888118373,46.6666666666667,,,0.265940539104243
hb,9,LD1,12715,0.195945945945946,0.589147319567887,0.744736842105263,0.851386950702019,1,0.00215856584176598,8,Pooled,antiberta2-cssp,paired_chain,1169.10411235561,46.6666666666667,,,0.262239631134133
hb,10,LD1,12715,0.184592296148074,0.573618299741565,0.726863431715858,0.833109665270791,1,0.0022826441924255,8,Pooled,antiberta2-cssp,paired_chain,1414.80965285577,46.6666666666667,,,0.259491365529225
hb,11,LD1,12715,0.173031026252983,0.56128064032016,0.714857428714357,0.820429541454019,1,0.00240672254308502,8,Pooled,antiberta2-cssp,paired_chain,1605.85979247597,46.6666666666667,,,0.259148901133859
hb,12,LD1,12715,0.166986564299424,0.553937465196149,0.708354177088544,0.811905952976488,1,0.00253080089374453,8,Pooled,antiberta2-cssp,paired_chain,1743.75356778535,46.6666666666667,,,0.257968487780339
hb,13,LD1,12715,0.162581290645323,0.549774887443722,0.702851425712856,0.807903951975988,0.9959979989995,0.00265487924440405,8,Pooled,antiberta2-cssp,paired_chain,1838.08412245361,46.6666666666667,,,0.258129064532266
hb,14,LD1,12715,0.161080540270135,0.547640224311631,0.699849924962481,0.805902951475738,0.9959979989995,0.00277895759506356,8,Pooled,antiberta2-cssp,paired_chain,1899,46.6666666666667,,,0.258262727164107
hb,0,LD1,12418,0,0,1,1,1,0.000160081533401413,7,Pooled,esm2,paired_chain,19.0000103040732,18.75,,,1
hb,1,LD1,12418,0,0.253289473684211,1,1,1,0.000192476108718763,7,Pooled,esm2,paired_chain,40.6933404774908,18.75,,,0.74671052631579
hb,2,LD1,12418,0.0638297872340426,0.625,0.945945945945946,1,1,0.000224870684036114,7,Pooled,esm2,paired_chain,81.2345104019619,18.75,,,0.375
hb,3,LD1,12418,0.141666666666667,0.655737704918033,0.9,1,1,0.000257265259353464,7,Pooled,esm2,paired_chain,153.393553771806,18.75,,,0.344262295081967
hb,4,LD1,12418,0.105263157894737,0.625,0.857142857142857,0.971718400724371,1,0.000289659834670814,7,Pooled,esm2,paired_chain,276.455790373935,18.75,,,0.346718400724371
hb,5,LD1,12418,0.0975609756097561,0.6,0.815028901734104,0.935044831329661,1,0.000322054409988165,7,Pooled,esm2,paired_chain,466.531803521932,18.75,,,0.335044831329661
hb,6,LD1,12418,0.0881742738589212,0.575757575757576,0.772483469080796,0.90154596241366,1,0.000354448985305515,7,Pooled,esm2,paired_chain,710.645220455646,18.75,,,0.325788386656084
hb,7,LD1,12418,0.0729166666666667,0.54969537749007,0.73934296207933,0.869295945328486,1,0.000386843560622865,7,Pooled,esm2,paired_chain,971.067800801657,18.75,,,0.319600567838416
hb,8,LD1,12418,0.0666666666666667,0.531716995741386,0.710847087486815,0.841960167211224,1,0.000419238135940216,7,Pooled,esm2,paired_chain,1212.3021257303,18.75,,,0.310243171469838
hb,9,LD1,12418,0.0648854961832061,0.516946485458843,0.688982259570495,0.819586549893665,1,0.000451632711257566,7,Pooled,esm2,paired_chain,1413.6213253099,18.75,,,0.302640064434822
hb,10,LD1,12418,0.0571428571428571,0.505893978144617,0.6723228603419,0.805146103896104,1,0.000484027286574917,7,Pooled,esm2,paired_chain,1572.55653329761,18.75,,,0.299252125751487
hb,11,LD1,12418,0.0558659217877095,0.497260792558441,0.6617538448171,0.792396198099049,1,0.000516421861892267,7,Pooled,esm2,paired_chain,1693.14536986471,18.75,,,0.295135405540608
hb,12,LD1,12418,0.0557677616501146,0.489244622311156,0.654327163581791,0.782391195597799,1,0.000548816437209617,7,Pooled,esm2,paired_chain,1783.42191058125,18.75,,,0.293146573286643
hb,13,LD1,12418,0.0575287643821911,0.486880326756908,0.648824412206103,0.775387693846923,1,0.000581211012526968,7,Pooled,esm2,paired_chain,1850.27323310905,18.75,,,0.288507367090015
hb,14,LD1,12418,0.0575287643821911,0.483741870935468,0.644450237166776,0.770885442721361,1,0.000613605587844318,7,Pooled,esm2,paired_chain,1899,18.75,,,0.287143571785893
hb,0,LD1,12621,0.875,0.95,1,1,1,0.0081921977141568,3,Unpooled,antiberta2-cssp,paired_chain,19.0000103040732,13.3333333333333,,,0.05
hb,1,LD1,12621,0.833333333333333,0.933333333333333,1,1,1,0.00934810461529965,3,Unpooled,antiberta2-cssp,paired_chain,28.6229636575338,13.3333333333333,,,0.0666666666666667
hb,2,LD1,12621,0.791666666666667,0.916666666666667,1,1,1,0.0105040115164425,3,Unpooled,antiberta2-cssp,paired_chain,37.1360446784614,13.3333333333333,,,0.0833333333333334
hb,3,LD1,12621,0.642857142857143,0.857142857142857,0.978021978021978,1,1,0.0116599184175854,3,Unpooled,antiberta2-cssp,paired_chain,101.284258467372,13.3333333333333,,,0.142857142857143
hb,4,LD1,12621,0.557692307692308,0.823008849557522,0.95,1,1,0.0128158253187282,3,Unpooled,antiberta2-cssp,paired_chain,186.627178023473,13.3333333333333,,,0.176991150442478
hb,5,LD1,12621,0.52,0.805970149253731,0.9375,0.996670366259711,1,0.0139717322198711,3,Unpooled,antiberta2-cssp,paired_chain,230.207524034251,13.3333333333333,,,0.19070021700598
hb,6,LD1,12621,0.402390438247012,0.75,0.899122807017544,0.981818181818182,1,0.0151276391210139,3,Unpooled,antiberta2-cssp,paired_chain,426.157405022205,13.3333333333333,,,0.231818181818182
hb,7,LD1,12621,0.336842105263158,0.708705357142857,0.853211009174312,0.957393483709273,1,0.0162835460221568,3,Unpooled,antiberta2-cssp,paired_chain,762.17564323177,13.3333333333333,,,0.248688126566416
hb,8,LD1,12621,0.314253647586981,0.691666666666667,0.833819241982507,0.943333333333333,1,0.0174394529232996,3,Unpooled,antiberta2-cssp,paired_chain,936.637193582623,13.3333333333333,,,0.251666666666667
hb,9,LD1,12621,0.25,0.654761904761905,0.806010928961749,0.924834636199639,1,0.0185953598244425,3,Unpooled,antiberta2-cssp,paired_chain,1183.04569856464,13.3333333333333,,,0.270072731437734
hb,10,LD1,12621,0.228609625668449,0.628571428571429,0.772886443221611,0.895447723861931,1,0.0197512667255853,3,Unpooled,antiberta2-cssp,paired_chain,1528.39575884347,13.3333333333333,,,0.266876295290502
hb,11,LD1,12621,0.238235294117647,0.623811905952977,0.763221153846154,0.88144072036018,1,0.0209071736267282,3,Unpooled,antiberta2-cssp,paired_chain,1665.51665653433,13.3333333333333,,,0.257628814407204
hb,12,LD1,12621,0.230443974630021,0.616808404202101,0.753846153846154,0.874437218609305,1,0.022063080527871,3,Unpooled,antiberta2-cssp,paired_chain,1751.86319282012,13.3333333333333,,,0.257628814407204
hb,13,LD1,12621,0.226113056528264,0.609304652326163,0.745372686343172,0.864932466233117,1,0.0232189874290139,3,Unpooled,antiberta2-cssp,paired_chain,1850.24179538171,13.3333333333333,,,0.255627813906954
hb,14,LD1,12621,0.226613306653327,0.606803401700851,0.742371185592796,0.860430215107554,1,0.0243748943301567,3,Unpooled,antiberta2-cssp,paired_chain,1899,13.3333333333333,,,0.253626813406703
hb,0,LD1,12348,0.642857142857143,0.857142857142857,1,1,1,0.000371183316829615,2,Unpooled,esm2,paired_chain,19.0000103040732,3.125,,,0.142857142857143
hb,1,LD1,12348,0.705882352941177,0.882352941176471,1,1,1,0.000428885707359782,2,Unpooled,esm2,paired_chain,37.874887943204,3.125,,,0.117647058823529
hb,2,LD1,12348,0.652173913043478,0.860768452982811,1,1,1,0.000486588097889949,2,Unpooled,esm2,paired_chain,72.7597399251924,3.125,,,0.139231547017189
hb,3,LD1,12348,0.5625,0.824527922860587,0.961538461538461,1,1,0.000544290488420116,2,Unpooled,esm2,paired_chain,134.273284629414,3.125,,,0.175472077139413
hb,4,LD1,12348,0.458955223880597,0.783505154639175,0.933333333333333,1,1,0.000601992878950283,2,Unpooled,esm2,paired_chain,238.71066162454,3.125,,,0.216494845360825
hb,5,LD1,12348,0.387931034482759,0.746691419141914,0.900826446280992,0.985915492957746,1,0.00065969526948045,2,Unpooled,esm2,paired_chain,406.18981133242,3.125,,,0.239224073815832
hb,6,LD1,12348,0.324324324324324,0.708386935391653,0.865527027128213,0.96551724137931,1,0.000717397660010616,2,Unpooled,esm2,paired_chain,641.586878793187,3.125,,,0.257130305987658
hb,7,LD1,12348,0.274264705882353,0.676110509488154,0.833333333333333,0.944154277667482,1,0.000775100050540783,2,Unpooled,esm2,paired_chain,916.912394769652,3.125,,,0.268043768179329
hb,8,LD1,12348,0.246126340882002,0.649973233404711,0.803571428571429,0.919693246670894,1,0.00083280244107095,2,Unpooled,esm2,paired_chain,1185.33131716968,3.125,,,0.269720013266183
hb,9,LD1,12348,0.231191222570533,0.630815407703852,0.77996138996139,0.897456060815495,1,0.000890504831601117,2,Unpooled,esm2,paired_chain,1410.45806757411,3.125,,,0.266640653111643
hb,10,LD1,12348,0.222863741339492,0.617308654327164,0.763892701859849,0.880544780099888,1,0.000948207222131284,2,Unpooled,esm2,paired_chain,1580.77377407289,3.125,,,0.263236125772725
hb,11,LD1,12348,0.217108554277139,0.608283053826785,0.751375687843922,0.869434717358679,1,0.00100590961266145,2,Unpooled,esm2,paired_chain,1702.89006584303,3.125,,,0.261151663531894
hb,12,LD1,12348,0.210340775558167,0.600300150075038,0.743371685842921,0.860641889503731,1,0.00106361200319162,2,Unpooled,esm2,paired_chain,1789.48152994879,3.125,,,0.260341739428693
hb,13,LD1,12348,0.206103051525763,0.595626035359752,0.738869434717359,0.855488311165892,1,0.00112131439372178,2,Unpooled,esm2,paired_chain,1852.39233789117,3.125,,,0.25986227580614
hb,14,LD1,12348,0.202101050525263,0.5927963981991,0.734867433716859,0.853426713356678,1,0.00117901678425195,2,Unpooled,esm2,paired_chain,1899,3.125,,,0.260630315157579
hb,0,LD1,12515,0,0,1,1,1,0.0207568139759751,8,Att_mat,antiberta2-cssp,cdr3_extracted,19.0000103040732,46.6666666666667,,,1
hb,1,LD1,12515,0.166666666666667,0.666666666666667,1,1,1,0.0237493153659403,8,Att_mat,antiberta2-cssp,cdr3_extracted,35.7523931210007,46.6666666666667,,,0.333333333333333
hb,2,LD1,12515,0.294117647058824,0.714285714285714,0.98,1,1,0.0267418167559055,8,Att_mat,antiberta2-cssp,cdr3_extracted,64.7161330874095,46.6666666666667,,,0.285714285714286
hb,3,LD1,12515,0.25,0.7,0.923076923076923,1,1,0.0297343181458707,8,Att_mat,antiberta2-cssp,cdr3_extracted,113.465795629012,46.6666666666667,,,0.3
hb,4,LD1,12515,0.2,0.672727272727273,0.88,0.988095238095238,1,0.032726819535836,8,Att_mat,antiberta2-cssp,cdr3_extracted,192.780482024544,46.6666666666667,,,0.315367965367965
hb,5,LD1,12515,0.186046511627907,0.647058823529412,0.84,0.954545454545455,1,0.0357193209258012,8,Att_mat,antiberta2-cssp,cdr3_extracted,315.822594771713,46.6666666666667,,,0.307486631016043
hb,6,LD1,12515,0.161290322580645,0.616968349740658,0.8,0.920827694280219,1,0.0387118223157664,8,Att_mat,antiberta2-cssp,cdr3_extracted,493.866758029449,46.6666666666667,,,0.303859344539561
hb,7,LD1,12515,0.139072847682119,0.586508860524417,0.759615384615385,0.885500095347063,1,0.0417043237057316,8,Att_mat,antiberta2-cssp,cdr3_extracted,727.115570485013,46.6666666666667,,,0.298991234822646
hb,8,LD1,12515,0.134453781512605,0.565217391304348,0.723880597014925,0.852631578947369,1,0.0446968250956969,8,Att_mat,antiberta2-cssp,cdr3_extracted,993.775659718287,46.6666666666667,,,0.287414187643021
hb,9,LD1,12515,0.140625,0.547889601063612,0.695847923961981,0.820249914412872,1,0.0476893264856621,8,Att_mat,antiberta2-cssp,cdr3_extracted,1256.73699883564,46.6666666666667,,,0.272360313349261
hb,10,LD1,12515,0.144572286143072,0.534835698826726,0.673336668334167,0.795193847284563,1,0.0506818278756273,8,Att_mat,antiberta2-cssp,cdr3_extracted,1481.88759286546,46.6666666666667,,,0.260358148457837
hb,11,LD1,12515,0.147368421052632,0.524266987862863,0.657828914457229,0.77553353906917,1,0.0536743292655925,8,Att_mat,antiberta2-cssp,cdr3_extracted,1652.1708621418,46.6666666666667,,,0.251266551206307
hb,12,LD1,12515,0.151515151515152,0.51775887943972,0.646815121698602,0.762381190595298,1,0.0566668306555578,8,Att_mat,antiberta2-cssp,cdr3_extracted,1770.4722974992,46.6666666666667,,,0.244622311155578
hb,13,LD1,12515,0.153692614770459,0.513304503662147,0.639819909954978,0.753376688344172,1,0.059659332045523,8,Att_mat,antiberta2-cssp,cdr3_extracted,1848.42298220487,46.6666666666667,,,0.240072184682025
hb,14,LD1,12515,0.155063291139241,0.510755377688844,0.635317658829415,0.748374187093547,1,0.0626518334354882,8,Att_mat,antiberta2-cssp,cdr3_extracted,1899,46.6666666666667,,,0.237618809404702
hb,0,LD1,11905,0,0,1,1,1,0.00050674107541826,13,Att_mat,esm2,cdr3_extracted,19.0000103040732,37.5,,,1
hb,1,LD1,11905,0,0.5,1,1,1,0.000587315805495825,13,Att_mat,esm2,cdr3_extracted,38.8340735092582,37.5,,,0.5
hb,2,LD1,11905,0.166666666666667,0.666666666666667,0.941176470588235,1,1,0.000667890535573389,13,Att_mat,esm2,cdr3_extracted,75.6663953260724,37.5,,,0.333333333333333
hb,3,LD1,11905,0.166666666666667,0.666666666666667,0.898305084745763,1,1,0.000748465265650954,13,Att_mat,esm2,cdr3_extracted,141.409782687096,37.5,,,0.333333333333333
hb,4,LD1,11905,0.2,0.666666666666667,0.857142857142857,0.978260869565217,1,0.000829039995728518,13,Att_mat,esm2,cdr3_extracted,253.401570340756,37.5,,,0.311594202898551
hb,5,LD1,11905,0.185185185185185,0.640316205533597,0.819407008086253,0.945205479452055,1,0.000909614725806083,13,Att_mat,esm2,cdr3_extracted,429.384177065194,37.5,,,0.304889273918458
hb,6,LD1,11905,0.168831168831169,0.616279069767442,0.787878787878788,0.915492957746479,1,0.000990189455883647,13,Att_mat,esm2,cdr3_extracted,668.629640696968,37.5,,,0.299213887979037
hb,7,LD1,11905,0.15673289183223,0.592296148074037,0.75687843921961,0.883928571428571,1,0.00107076418596121,13,Att_mat,esm2,cdr3_extracted,938.3393440427,37.5,,,0.291632423354534
hb,8,LD1,11905,0.151815181518152,0.574938574938575,0.732142857142857,0.857928964482241,1,0.00115133891603878,13,Att_mat,esm2,cdr3_extracted,1196.65776051273,37.5,,,0.282990389543666
hb,9,LD1,11905,0.153121319199058,0.563025210084034,0.714285714285714,0.837992831541219,1,0.00123191364611634,13,Att_mat,esm2,cdr3_extracted,1413.46993786644,37.5,,,0.274967621457185
hb,10,LD1,11905,0.150575287643822,0.553590010405827,0.699849924962481,0.823411705852926,1,0.00131248837619391,13,Att_mat,esm2,cdr3_extracted,1580.10367958454,37.5,,,0.269821695447099
hb,11,LD1,11905,0.15625,0.548774387193597,0.689344672336168,0.811405702851426,1,0.00139306310627147,13,Att_mat,esm2,cdr3_extracted,1702.94129769498,37.5,,,0.262631315657829
hb,12,LD1,11905,0.154929577464789,0.544772386193097,0.682887266828873,0.804902451225613,1,0.00147363783634904,13,Att_mat,esm2,cdr3_extracted,1791.32952426094,37.5,,,0.260130065032516
hb,13,LD1,11905,0.15407703851926,0.540770385192596,0.67921146953405,0.800900450225113,1,0.0015542125664266,13,Att_mat,esm2,cdr3_extracted,1854.33215179961,37.5,,,0.260130065032516
hb,14,LD1,11905,0.146788990825688,0.538269134567284,0.676338169084542,0.799399699849925,1,0.00163478729650416,13,Att_mat,esm2,cdr3_extracted,1899,37.5,,,0.261130565282641
hb,0,LD1,12703,0.523809523809524,0.8,1,1,1,0.0542269978014118,8,Pooled,antiberta2-cssp,cdr3_extracted,19.0000103040732,46.6666666666667,,,0.2
hb,1,LD1,12703,0.588235294117647,0.833333333333333,1,1,1,0.0605841372268024,8,Pooled,antiberta2-cssp,cdr3_extracted,32.149512102134,46.6666666666667,,,0.166666666666667
hb,2,LD1,12703,0.523809523809524,0.80952380952381,0.983870967741936,1,1,0.0669412766521929,8,Pooled,antiberta2-cssp,cdr3_extracted,53.0811651845975,46.6666666666667,,,0.19047619047619
hb,3,LD1,12703,0.446808510638298,0.777777777777778,0.941176470588235,1,1,0.0732984160775835,8,Pooled,antiberta2-cssp,cdr3_extracted,85.6906923306783,46.6666666666667,,,0.222222222222222
hb,4,LD1,12703,0.3828125,0.746031746031746,0.909090909090909,0.988235294117647,1,0.079655555502974,8,Pooled,antiberta2-cssp,cdr3_extracted,135.62662160352,46.6666666666667,,,0.242203548085901
hb,5,LD1,12703,0.324324324324324,0.707778738115817,0.875,0.964324282628818,1,0.0860126949283646,8,Pooled,antiberta2-cssp,cdr3_extracted,210.87342476481,46.6666666666667,,,0.256545544513002
hb,6,LD1,12703,0.264150943396226,0.670849724626279,0.842105263157895,0.942051078119477,1,0.0923698343537551,8,Pooled,antiberta2-cssp,cdr3_extracted,321.926604086595,46.6666666666667,,,0.271201353493198
hb,7,LD1,12703,0.216589861751152,0.636914203316511,0.811320754716981,0.917159763313609,1,0.0987269737791456,8,Pooled,antiberta2-cssp,cdr3_extracted,481.370843594473,46.6666666666667,,,0.280245559997099
hb,8,LD1,12703,0.188034188034188,0.611054537225617,0.780684104627767,0.893617021276596,1,0.105084113204536,8,Pooled,antiberta2-cssp,cdr3_extracted,698.742181784459,46.6666666666667,,,0.282562484050979
hb,9,LD1,12703,0.168224299065421,0.587937525437526,0.754116355653128,0.86826192800009,1,0.111441252629927,8,Pooled,antiberta2-cssp,cdr3_extracted,967.625993055055,46.6666666666667,,,0.280324402562564
hb,10,LD1,12703,0.147398843930636,0.566866985737762,0.730401529636711,0.846669474866611,1,0.117798392055317,8,Pooled,antiberta2-cssp,cdr3_extracted,1251.76343908747,46.6666666666667,,,0.279802489128849
hb,11,LD1,12703,0.132731958762887,0.550189666072763,0.714285714285714,0.828639247510585,0.99799899949975,0.124155531480708,8,Pooled,antiberta2-cssp,cdr3_extracted,1502.57867675092,46.6666666666667,,,0.278449581437823
hb,12,LD1,12703,0.124401913875598,0.539868160958073,0.701350675337669,0.817114275414564,0.99799899949975,0.130512670906098,8,Pooled,antiberta2-cssp,cdr3_extracted,1691.7930323857,46.6666666666667,,,0.277246114456491
hb,13,LD1,12703,0.118881118881119,0.533766883441721,0.692846423211606,0.811405702851426,0.99799899949975,0.136869810331489,8,Pooled,antiberta2-cssp,cdr3_extracted,1819.33089470268,46.6666666666667,,,0.277638819409705
hb,14,LD1,12703,0.115057528764382,0.530265132566283,0.689344672336168,0.807903951975988,0.99799899949975,0.143226949756879,8,Pooled,antiberta2-cssp,cdr3_extracted,1899,46.6666666666667,,,0.277638819409705
hb,0,LD1,12441,0,0,1,1,1,0.000897371469044117,30,Pooled,esm2,cdr3_extracted,19.0000103040732,90.625,,,1
hb,1,LD1,12441,0.222222222222222,0.6875,1,1,1,0.00103557604050707,30,Pooled,esm2,cdr3_extracted,36.442724809117,90.625,,,0.3125
hb,2,LD1,12441,0.358208955223881,0.742857142857143,0.970588235294118,1,1,0.00117378061197001,30,Pooled,esm2,cdr3_extracted,67.0467289719626,90.625,,,0.257142857142857
hb,3,LD1,12441,0.287878787878788,0.714285714285714,0.923076923076923,1,1,0.00131198518343296,30,Pooled,esm2,cdr3_extracted,119.168028521675,90.625,,,0.285714285714286
hb,4,LD1,12441,0.236842105263158,0.68503937007874,0.882352941176471,0.984126984126984,1,0.00145018975489591,30,Pooled,esm2,cdr3_extracted,206.20887386784,90.625,,,0.299087614048244
hb,5,LD1,12441,0.205128205128205,0.654450261780105,0.843537414965986,0.954022988505747,1,0.00158839432635886,30,Pooled,esm2,cdr3_extracted,347.062648765057,90.625,,,0.299572726725642
hb,6,LD1,12441,0.166666666666667,0.619496855345912,0.802816901408451,0.921658986175115,1,0.0017265988978218,30,Pooled,esm2,cdr3_extracted,558.144813444755,90.625,,,0.302162130829203
hb,7,LD1,12441,0.140625,0.59108527131783,0.772386193096548,0.891428571428572,1,0.00186480346928475,30,Pooled,esm2,cdr3_extracted,829.330008552381,90.625,,,0.300343300110742
hb,8,LD1,12441,0.123152709359606,0.567933368037481,0.743259085580305,0.864628820960699,1,0.0020030080407477,30,Pooled,esm2,cdr3_extracted,1114.97830992591,90.625,,,0.296695452923218
hb,9,LD1,12441,0.121145374449339,0.551959114139693,0.721254355400697,0.839175257731959,1,0.00214121261221065,30,Pooled,esm2,cdr3_extracted,1366.14937814918,90.625,,,0.287216143592265
hb,10,LD1,12441,0.112107623318386,0.538461538461538,0.70479704797048,0.822784810126582,1,0.0022794171836736,30,Pooled,esm2,cdr3_extracted,1557.77508269019,90.625,,,0.284323271665044
hb,11,LD1,12441,0.108433734939759,0.529764882441221,0.69238683127572,0.811905952976488,1,0.00241762175513654,30,Pooled,esm2,cdr3_extracted,1692.73981184762,90.625,,,0.282141070535268
hb,12,LD1,12441,0.103202846975089,0.522761380690345,0.684759916492693,0.804902451225613,1,0.00255582632659949,30,Pooled,esm2,cdr3_extracted,1785.83888551144,90.625,,,0.282141070535268
hb,13,LD1,12441,0.0951327433628319,0.518259129564782,0.68,0.801900950475238,1,0.00269403089806244,30,Pooled,esm2,cdr3_extracted,1852.10805881565,90.625,,,0.283641820910455
hb,14,LD1,12441,0.0870488322717622,0.514257128564282,0.678339169584792,0.799399699849925,1,0.00283223546952539,30,Pooled,esm2,cdr3_extracted,1899,90.625,,,0.285142571285643
hb,0,LD1,12501,0.875,0.95,1,1,1,0.0985426355592065,1,Unpooled,antiberta2-cssp,cdr3_extracted,19.0000103040732,0,,,0.05
hb,1,LD1,12501,0.833333333333333,0.933333333333333,1,1,1,0.112679411906214,1,Unpooled,antiberta2-cssp,cdr3_extracted,29.0557553400859,0,,,0.0666666666666667
hb,2,LD1,12501,0.805555555555556,0.921052631578947,1,1,1,0.126816188253221,1,Unpooled,antiberta2-cssp,cdr3_extracted,32.9628744242599,0,,,0.0789473684210527
hb,3,LD1,12501,0.642857142857143,0.857142857142857,0.982758620689655,1,1,0.140952964600229,1,Unpooled,antiberta2-cssp,cdr3_extracted,91.1766633350163,0,,,0.142857142857143
hb,4,LD1,12501,0.553191489361702,0.82122905027933,0.948717948717949,1,1,0.155089740947236,1,Unpooled,antiberta2-cssp,cdr3_extracted,190.948428113633,0,,,0.17877094972067
hb,5,LD1,12501,0.521008403361345,0.808398950131234,0.94,1,1,0.169226517294244,1,Unpooled,antiberta2-cssp,cdr3_extracted,216.772310894497,0,,,0.191601049868766
hb,6,LD1,12501,0.41527446300716,0.758620689655172,0.906862745098039,0.987654320987654,1,0.183363293641251,1,Unpooled,antiberta2-cssp,cdr3_extracted,353.460808457583,0,,,0.229033631332482
hb,7,LD1,12501,0.321100917431193,0.704545454545455,0.855072463768116,0.96039603960396,1,0.197500069988258,1,Unpooled,antiberta2-cssp,cdr3_extracted,754.153396737731,0,,,0.255850585058506
hb,8,LD1,12501,0.314285714285714,0.693430656934307,0.835483870967742,0.946428571428571,1,0.211636846335266,1,Unpooled,antiberta2-cssp,cdr3_extracted,923.817813681748,0,,,0.252997914494265
hb,9,LD1,12501,0.265151515151515,0.666666666666667,0.814754098360656,0.93448275862069,1,0.225773622682273,1,Unpooled,antiberta2-cssp,cdr3_extracted,1068.8855011386,0,,,0.267816091954023
hb,10,LD1,12501,0.213235294117647,0.626304801670146,0.774887443721861,0.903204272363151,1,0.23991039902928,1,Unpooled,antiberta2-cssp,cdr3_extracted,1484.25838493957,0,,,0.276899470693005
hb,11,LD1,12501,0.222118959107807,0.622311155577789,0.763381690845423,0.889444722361181,1,0.254047175376288,1,Unpooled,antiberta2-cssp,cdr3_extracted,1657.72670506651,0,,,0.267133566783392
hb,12,LD1,12501,0.215469613259669,0.615894039735099,0.757878939469735,0.883587786259542,1,0.268183951723295,1,Unpooled,antiberta2-cssp,cdr3_extracted,1706.79431009078,0,,,0.267693746524443
hb,13,LD1,12501,0.192096048024012,0.600858369098713,0.745372686343172,0.873684210526316,1,0.282320728070303,1,Unpooled,antiberta2-cssp,cdr3_extracted,1826.77203268452,0,,,0.272825841427603
hb,14,LD1,12501,0.19159579789895,0.597298649324662,0.741870935467734,0.867933966983492,1,0.29645750441731,1,Unpooled,antiberta2-cssp,cdr3_extracted,1899,0,,,0.270635317658829
hb,0,LD1,12409,0.9,0.96,1,1,1,0.0986796516137528,1,Unpooled,antiberta2-cssp,cdr3_extracted,19.0000103040732,0,,,0.04
hb,1,LD1,12409,0.84375,0.9375,1,1,1,0.112898745151662,1,Unpooled,antiberta2-cssp,cdr3_extracted,29.0717678698389,0,,,0.0625
hb,2,LD1,12409,0.823529411764706,0.928571428571429,1,1,1,0.127117838689571,1,Unpooled,antiberta2-cssp,cdr3_extracted,33.1190635658276,0,,,0.0714285714285714
hb,3,LD1,12409,0.659340659340659,0.863636363636364,0.982142857142857,1,1,0.141336932227479,1,Unpooled,antiberta2-cssp,cdr3_extracted,92.7156591000423,0,,,0.136363636363636
hb,4,LD1,12409,0.5625,0.825,0.949438202247191,1,1,0.155556025765388,1,Unpooled,antiberta2-cssp,cdr3_extracted,192.050675431998,0,,,0.175
hb,5,LD1,12409,0.531835205992509,0.8125,0.941176470588235,1,1,0.169775119303297,1,Unpooled,antiberta2-cssp,cdr3_extracted,217.459685313604,0,,,0.1875
hb,6,LD1,12409,0.415841584158416,0.758771929824562,0.906693711967546,0.987421383647799,1,0.183994212841206,1,Unpooled,antiberta2-cssp,cdr3_extracted,362.262815691043,0,,,0.228649453823237
hb,7,LD1,12409,0.32312925170068,0.705156950672646,0.854415274463007,0.960409556313993,1,0.198213306379115,1,Unpooled,antiberta2-cssp,cdr3_extracted,765.946861894507,0,,,0.255252605641347
hb,8,LD1,12409,0.316315205327414,0.695652173913044,0.836134453781513,0.948571428571429,1,0.212432399917024,1,Unpooled,antiberta2-cssp,cdr3_extracted,926.421148079836,0,,,0.252919254658385
hb,9,LD1,12409,0.264705882352941,0.666666666666667,0.812849162011173,0.934984520123839,1,0.226651493454933,1,Unpooled,antiberta2-cssp,cdr3_extracted,1083.73245473936,0,,,0.268317853457172
hb,10,LD1,12409,0.214607303651826,0.626313156578289,0.77390180878553,0.902127659574468,1,0.240870586992842,1,Unpooled,antiberta2-cssp,cdr3_extracted,1499.06785232202,0,,,0.275814502996179
hb,11,LD1,12409,0.221610805402701,0.621310655327664,0.762381190595298,0.887943971985993,1,0.255089680530751,1,Unpooled,antiberta2-cssp,cdr3_extracted,1660.43251347258,0,,,0.266633316658329
hb,12,LD1,12409,0.215189873417722,0.615448504983389,0.75687843921961,0.882441220610305,1,0.269308774068659,1,Unpooled,antiberta2-cssp,cdr3_extracted,1710.16769879133,0,,,0.266992715626917
hb,13,LD1,12409,0.198599299649825,0.603092783505155,0.744493392070485,0.872936468234117,1,0.283527867606568,1,Unpooled,antiberta2-cssp,cdr3_extracted,1830.21114076394,0,,,0.269843684728962
hb,14,LD1,12409,0.198599299649825,0.599299649824912,0.740370185092546,0.867933966983492,1,0.297746961144477,1,Unpooled,antiberta2-cssp,cdr3_extracted,1899,0,,,0.268634317158579
hb,0,LD1,12444,0.791666666666667,0.916666666666667,1,1,1,0.0048616746316299,2,Unpooled,esm2,cdr3_extracted,19.0000103040732,3.125,,,0.0833333333333334
hb,1,LD1,12444,0.75,0.9,1,1,1,0.00561915660058042,2,Unpooled,esm2,cdr3_extracted,38.1884408906841,3.125,,,0.1
hb,2,LD1,12444,0.6875,0.875,1,1,1,0.00637663856953094,2,Unpooled,esm2,cdr3_extracted,73.093241558388,3.125,,,0.125
hb,3,LD1,12444,0.6,0.84,0.971428571428571,1,1,0.00713412053848146,2,Unpooled,esm2,cdr3_extracted,135.094168924976,3.125,,,0.16
hb,4,LD1,12444,0.502415458937198,0.8,0.942857142857143,1,1,0.00789160250743198,2,Unpooled,esm2,cdr3_extracted,240.677822543251,3.125,,,0.2
hb,5,LD1,12444,0.419642857142857,0.762037528766153,0.914893617021277,0.990437470323971,1,0.0086490844763825,2,Unpooled,esm2,cdr3_extracted,409.895135447042,3.125,,,0.228399941557818
hb,6,LD1,12444,0.347529812606474,0.724137931034483,0.881007061697476,0.975354664217187,1,0.00940656644533302,2,Unpooled,esm2,cdr3_extracted,651.362775505157,3.125,,,0.251216733182704
hb,7,LD1,12444,0.297648824412206,0.692307692307692,0.847233158355206,0.955611027811565,1,0.0101640484142835,2,Unpooled,esm2,cdr3_extracted,935.624622613319,3.125,,,0.263303335503873
hb,8,LD1,12444,0.262631315657829,0.665763711321736,0.817647058823529,0.935433662008465,1,0.0109215303832341,2,Unpooled,esm2,cdr3_extracted,1208.89515605519,3.125,,,0.269669950686729
hb,9,LD1,12444,0.237020316027088,0.643810639225192,0.792396198099049,0.915422885572139,1,0.0116790123521846,2,Unpooled,esm2,cdr3_extracted,1434.43074117199,3.125,,,0.271612246346947
hb,10,LD1,12444,0.231115557778889,0.630295940903895,0.774887443721861,0.897888101461205,1,0.0124364943211351,2,Unpooled,esm2,cdr3_extracted,1599.92996321446,3.125,,,0.26759216055731
hb,11,LD1,12444,0.222222222222222,0.619809904952476,0.761880940470235,0.884942471235618,1,0.0131939762900856,2,Unpooled,esm2,cdr3_extracted,1715.3950169502,3.125,,,0.265132566283142
hb,12,LD1,12444,0.217075386012716,0.612773816485708,0.753376688344172,0.876627784327108,1,0.0139514582590361,2,Unpooled,esm2,cdr3_extracted,1796.21441745922,3.125,,,0.2638539678414
hb,13,LD1,12444,0.215469613259669,0.608679339669835,0.747373686843422,0.870935467733867,1,0.0147089402279867,2,Unpooled,esm2,cdr3_extracted,1854.27161536956,3.125,,,0.262256128064032
hb,14,LD1,12444,0.212633451957295,0.605802901450725,0.744372186093047,0.867933966983492,1,0.0154664221969372,2,Unpooled,esm2,cdr3_extracted,1899,3.125,,,0.262131065532766
hb,0,LD1,12729,0.590909090909091,0.833333333333333,1,1,1,0.0212953450278399,12,Att_mat,antiberta2-cssp,all_cdrh,19.0000103040732,73.3333333333333,,,0.166666666666667
hb,1,LD1,12729,0.642857142857143,0.857142857142857,1,1,1,0.0231960280693126,12,Att_mat,antiberta2-cssp,all_cdrh,31.9293140578471,73.3333333333333,,,0.142857142857143
hb,2,LD1,12729,0.586206896551724,0.833333333333333,1,1,1,0.0250967111107853,12,Att_mat,antiberta2-cssp,all_cdrh,53.1438963822399,73.3333333333333,,,0.166666666666667
hb,3,LD1,12729,0.52,0.807692307692308,0.96551724137931,1,1,0.026997394152258,12,Att_mat,antiberta2-cssp,all_cdrh,87.697730012674,73.3333333333333,,,0.192307692307692
hb,4,LD1,12729,0.438095238095238,0.775,0.928571428571429,1,1,0.0288980771937306,12,Att_mat,antiberta2-cssp,all_cdrh,143.212830631949,73.3333333333333,,,0.225
hb,5,LD1,12729,0.351032448377581,0.733333333333333,0.893939393939394,0.988372093023256,1,0.0307987602352033,12,Att_mat,antiberta2-cssp,all_cdrh,230.805129367639,73.3333333333333,,,0.255038759689923
hb,6,LD1,12729,0.278,0.692307692307692,0.857142857142857,0.96875,1,0.032699443276676,12,Att_mat,antiberta2-cssp,all_cdrh,363.934321837422,73.3333333333333,,,0.276442307692308
hb,7,LD1,12729,0.231707317073171,0.658829414707354,0.819188191881919,0.94413407821229,1,0.0346001263181487,12,Att_mat,antiberta2-cssp,all_cdrh,554.500170017208,73.3333333333333,,,0.285304663504937
hb,8,LD1,12729,0.198738170347003,0.62905317769131,0.781456953642384,0.916107382550335,1,0.0365008093596213,12,Att_mat,antiberta2-cssp,all_cdrh,802.885459922307,73.3333333333333,,,0.287054204859026
hb,9,LD1,12729,0.183091545772886,0.60472972972973,0.750375187593797,0.885906040268456,1,0.038401492401094,12,Att_mat,antiberta2-cssp,all_cdrh,1082.51227730322,73.3333333333333,,,0.281176310538727
hb,10,LD1,12729,0.189393939393939,0.589294647323662,0.726863431715858,0.855927963981991,1,0.0403021754425667,12,Att_mat,antiberta2-cssp,all_cdrh,1346.46930931797,73.3333333333333,,,0.266633316658329
hb,11,LD1,12729,0.196581196581197,0.577319587628866,0.71031746031746,0.831168831168831,1,0.0422028584840394,12,Att_mat,antiberta2-cssp,all_cdrh,1560.99028325897,73.3333333333333,,,0.253849243539965
hb,12,LD1,12729,0.205196535642905,0.571285642821411,0.698849424712356,0.815407703851926,1,0.0441035415255121,12,Att_mat,antiberta2-cssp,all_cdrh,1719.51816092902,73.3333333333333,,,0.244122061030515
hb,13,LD1,12729,0.206611570247934,0.566283141570786,0.693346673336668,0.8064032016008,1,0.0460042245669847,12,Att_mat,antiberta2-cssp,all_cdrh,1828.1763233006,73.3333333333333,,,0.240120060030015
hb,14,LD1,12729,0.20778318276581,0.564782391195598,0.689844922461231,0.802901450725363,1,0.0479049076084574,12,Att_mat,antiberta2-cssp,all_cdrh,1899,73.3333333333333,,,0.238119059529765
hb,0,LD1,12460,0.375,0.75,1,1,1,0.0348744919487822,1,Att_mat,antiberta2-cssp,cdr3,19.0000103040732,0,,,0.25
hb,1,LD1,12460,0.511627906976744,0.8,1,1,1,0.0391938237170917,1,Att_mat,antiberta2-cssp,cdr3,33.7728364022298,0,,,0.2
hb,2,LD1,12460,0.51219512195122,0.8,0.983333333333333,1,1,0.0435131554854011,1,Att_mat,antiberta2-cssp,cdr3,58.4954198394626,0,,,0.2
hb,3,LD1,12460,0.404761904761905,0.761904761904762,0.9375,1,1,0.0478324872537106,1,Att_mat,antiberta2-cssp,cdr3,98.1223093488856,0,,,0.238095238095238
hb,4,LD1,12460,0.3125,0.724839717687625,0.902777777777778,1,1,0.05215181902202,1,Att_mat,antiberta2-cssp,cdr3,159.885439314161,0,,,0.275160282312375
hb,5,LD1,12460,0.252032520325203,0.685714285714286,0.868686868686869,0.975,1,0.0564711507903295,1,Att_mat,antiberta2-cssp,cdr3,253.687899926841,0,,,0.289285714285714
hb,6,LD1,12460,0.195402298850575,0.648251957210303,0.829079568109591,0.95179763575286,1,0.0607904825586389,1,Att_mat,antiberta2-cssp,cdr3,389.851054621892,0,,,0.303545678542557
hb,7,LD1,12460,0.143518518518519,0.612903225806452,0.79181345051492,0.926072223596339,1,0.0651098143269484,1,Att_mat,antiberta2-cssp,cdr3,574.750311698214,0,,,0.313168997789888
hb,8,LD1,12460,0.111940298507463,0.582799433644192,0.756034554513133,0.897244516345912,1,0.0694291460952578,1,Att_mat,antiberta2-cssp,cdr3,807.827715896094,0,,,0.314445082701719
hb,9,LD1,12460,0.0905109489051095,0.555486076371519,0.72550474195613,0.867331784198828,1,0.0737484778635672,1,Att_mat,antiberta2-cssp,cdr3,1072.97827901369,0,,,0.311845707827309
hb,10,LD1,12460,0.0847107438016529,0.53604373300272,0.699276473036595,0.837223014480035,1,0.0780678096318767,1,Att_mat,antiberta2-cssp,cdr3,1332.11191253903,0,,,0.301179281477316
hb,11,LD1,12460,0.090032154340836,0.523261630815408,0.678339169584792,0.812195576184746,1,0.0823871414001861,1,Att_mat,antiberta2-cssp,cdr3,1548.46300322518,0,,,0.288933945369338
hb,12,LD1,12460,0.0940470235117559,0.514257128564282,0.666333166583292,0.794897448724362,1,0.0867064731684956,1,Att_mat,antiberta2-cssp,cdr3,1710.14978000804,0,,,0.28064032016008
hb,13,LD1,12460,0.0920460230115058,0.506381948761062,0.657359149824432,0.782837174562527,1,0.091025804936805,1,Att_mat,antiberta2-cssp,cdr3,1823.00374037857,0,,,0.276455225801464
hb,14,LD1,12460,0.0920460230115058,0.500750375187594,0.651825912956478,0.775387693846923,1,0.0953451367051145,1,Att_mat,antiberta2-cssp,cdr3,1899.00001030407,0,,,0.27463731865933
hb,0,LD1,12512,0.75,0.9,1,1,1,0.00491926114919961,1,Att_mat,antiberta2-cssp,heavy_chain,19.0000103040732,0,,,0.1
hb,1,LD1,12512,0.722222222222222,0.888888888888889,1,1,1,0.00559895828664689,1,Att_mat,antiberta2-cssp,heavy_chain,34.0536223969335,0,,,0.111111111111111
hb,2,LD1,12512,0.625,0.85,1,1,1,0.00627865542409417,1,Att_mat,antiberta2-cssp,heavy_chain,62.4874444868056,0,,,0.15
hb,3,LD1,12512,0.53125,0.8125,0.958333333333333,1,1,0.00695835256154146,1,Att_mat,antiberta2-cssp,heavy_chain,111.103318941978,0,,,0.1875
hb,4,LD1,12512,0.444444444444444,0.777296469551719,0.928571428571429,1,1,0.00763804969898874,1,Att_mat,antiberta2-cssp,heavy_chain,185.126451586312,0,,,0.222703530448281
hb,5,LD1,12512,0.36046511627907,0.734177215189873,0.897781563505584,0.983333333333333,1,0.00831774683643603,1,Att_mat,antiberta2-cssp,heavy_chain,300.417871384558,0,,,0.24915611814346
hb,6,LD1,12512,0.27683615819209,0.690105633802817,0.862649153421686,0.965714285714286,1,0.00899744397388331,1,Att_mat,antiberta2-cssp,heavy_chain,470.925377901885,0,,,0.275608651911469
hb,7,LD1,12512,0.221230158730159,0.654716378426044,0.827821467631894,0.944444444444444,1,0.0096771411113306,1,Att_mat,antiberta2-cssp,heavy_chain,695.14985213655,0,,,0.2897280660184
hb,8,LD1,12512,0.167355371900826,0.619826837738761,0.793831300264479,0.921600767224952,1,0.0103568382487779,1,Att_mat,antiberta2-cssp,heavy_chain,963.234850436378,0,,,0.301773929486191
hb,9,LD1,12512,0.138461538461538,0.593893374471581,0.761380690345173,0.897637795275591,1,0.0110365353862252,1,Att_mat,antiberta2-cssp,heavy_chain,1240.52365300003,0,,,0.30374442080401
hb,10,LD1,12512,0.120967741935484,0.573897220389,0.736144149967679,0.876438219109555,1,0.0117162325236725,1,Att_mat,antiberta2-cssp,heavy_chain,1477.37435728343,0,,,0.302540998720555
hb,11,LD1,12512,0.116161616161616,0.56328164082041,0.717531014310983,0.861430715357679,1,0.0123959296611197,1,Att_mat,antiberta2-cssp,heavy_chain,1651.1737472823,0,,,0.298149074537269
hb,12,LD1,12512,0.111555777888944,0.554823379431651,0.705852926463232,0.85047359018438,1,0.013075626798567,1,Att_mat,antiberta2-cssp,heavy_chain,1768.53691434224,0,,,0.295650210752729
hb,13,LD1,12512,0.107049608355091,0.549011327503975,0.698503704748306,0.844422211105553,1,0.0137553239360143,1,Att_mat,antiberta2-cssp,heavy_chain,1846.09353007244,0,,,0.295410883601578
hb,14,LD1,12512,0.107046070460705,0.546273136568284,0.69386223724107,0.840045022511256,1,0.0144350210734616,1,Att_mat,antiberta2-cssp,heavy_chain,1899,0,,,0.293771885942972
hb,0,LD1,12817,0,0,1,1,1,0.00403052895239386,8,Att_mat,esm2,all_cdrh,19.0000103040732,21.875,,,1
hb,1,LD1,12817,0,0.444444444444444,1,1,1,0.0045729302614729,8,Att_mat,esm2,all_cdrh,35.8123628270255,21.875,,,0.555555555555556
hb,2,LD1,12817,0.142857142857143,0.655172413793103,1,1,1,0.00511533157055193,8,Att_mat,esm2,all_cdrh,65.7198940741275,21.875,,,0.344827586206897
hb,3,LD1,12817,0.166666666666667,0.666666666666667,0.933333333333333,1,1,0.00565773287963097,8,Att_mat,esm2,all_cdrh,118.100402889262,21.875,,,0.333333333333333
hb,4,LD1,12817,0.15625,0.6625,0.888888888888889,1,1,0.00620013418871,8,Att_mat,esm2,all_cdrh,208.194283300189,21.875,,,0.3375
hb,5,LD1,12817,0.104347826086957,0.625,0.844978165938865,0.972477064220184,1,0.00674253549778904,8,Att_mat,esm2,all_cdrh,355.891549629569,21.875,,,0.347477064220184
hb,6,LD1,12817,0.0714285714285714,0.589887640449438,0.801282051282051,0.9375,1,0.00728493680686807,8,Att_mat,esm2,all_cdrh,570.479798864491,21.875,,,0.347612359550562
hb,7,LD1,12817,0.046875,0.561093247588424,0.762237762237762,0.904761904761905,1,0.0078273381159471,8,Att_mat,esm2,all_cdrh,831.513225277952,21.875,,,0.34366865717348
hb,8,LD1,12817,0.0450450450450451,0.54,0.726829268292683,0.873303167420815,1,0.00836973942502614,8,Att_mat,esm2,all_cdrh,1097.20967758555,21.875,,,0.333303167420814
hb,9,LD1,12817,0.0512820512820513,0.523664122137405,0.696035242290749,0.842377260981912,1,0.00891214073410517,8,Att_mat,esm2,all_cdrh,1334.52222073386,21.875,,,0.318713138844508
hb,10,LD1,12817,0.0588235294117647,0.512890094979647,0.674837418709355,0.816585365853659,1,0.00945454204318421,8,Att_mat,esm2,all_cdrh,1525.78232645365,21.875,,,0.303695270874011
hb,11,LD1,12817,0.069219440353461,0.504252126063031,0.661810613943809,0.796875,1,0.00999694335226324,8,Att_mat,esm2,all_cdrh,1671.92779935909,21.875,,,0.292622873936969
hb,12,LD1,12817,0.0835417708854427,0.500250125062531,0.650325162581291,0.782391195597799,1,0.0105393446613423,8,Att_mat,esm2,all_cdrh,1777.56207688899,21.875,,,0.282141070535268
hb,13,LD1,12817,0.0910455227613807,0.499749874937469,0.643821910955478,0.773386693346673,1,0.0110817459704213,8,Att_mat,esm2,all_cdrh,1850.82817957939,21.875,,,0.273636818409205
hb,14,LD1,12817,0.105263157894737,0.498749374687344,0.639819909954978,0.767883941970986,1,0.0116241472795003,8,Att_mat,esm2,all_cdrh,1899,21.875,,,0.269134567283642
hb,0,LD1,12933,0,0,1,1,1,0.00219286477828373,5,Att_mat,esm2,cdr3,19.0000103040732,12.5,,,1
hb,1,LD1,12933,0,0.181818181818182,1,1,1,0.00255968205646167,5,Att_mat,esm2,cdr3,38.9088398643984,12.5,,,0.818181818181818
hb,2,LD1,12933,0.04,0.615384615384615,0.964285714285714,1,1,0.00292649933463961,5,Att_mat,esm2,cdr3,76.5019526218714,12.5,,,0.384615384615385
hb,3,LD1,12933,0.166666666666667,0.666666666666667,0.916666666666667,1,1,0.00329331661281755,5,Att_mat,esm2,cdr3,145.259384434667,12.5,,,0.333333333333333
hb,4,LD1,12933,0.091703056768559,0.636363636363636,0.875,1,1,0.00366013389099549,5,Att_mat,esm2,cdr3,266.699090150336,12.5,,,0.363636363636364
hb,5,LD1,12933,0.0689655172413793,0.606060606060606,0.832,0.965116279069768,1,0.00402695116917343,5,Att_mat,esm2,cdr3,461.589042648559,12.5,,,0.359055673009161
hb,6,LD1,12933,0.0573248407643312,0.579240037071362,0.785714285714286,0.927444794952681,1,0.00439376844735137,5,Att_mat,esm2,cdr3,724.083669074385,12.5,,,0.348204757881319
hb,7,LD1,12933,0.0465116279069768,0.551724137931035,0.747068676716918,0.888888888888889,1,0.00476058572552931,5,Att_mat,esm2,cdr3,1006.24746262197,12.5,,,0.337164750957854
hb,8,LD1,12933,0.0522788203753351,0.533766883441721,0.71335667833917,0.855104281009879,1,0.00512740300370725,5,Att_mat,esm2,cdr3,1261.28134241466,12.5,,,0.321337397568158
hb,9,LD1,12933,0.0555555555555556,0.517258629314657,0.687960687960688,0.826923076923077,1,0.00549422028188519,5,Att_mat,esm2,cdr3,1466.49143216313,12.5,,,0.309664447608419
hb,10,LD1,12933,0.0568181818181818,0.503751875937969,0.67,0.8043254376931,1,0.00586103756006313,5,Att_mat,esm2,cdr3,1619.15139774753,12.5,,,0.300573561755131
hb,11,LD1,12933,0.0622489959839357,0.497748874437219,0.658829414707354,0.789894947473737,1,0.00622785483824107,5,Att_mat,esm2,cdr3,1729.01325103814,12.5,,,0.292146073036518
hb,12,LD1,12933,0.0615384615384615,0.492246123061531,0.650190114068441,0.779889944972486,1,0.00659467211641901,5,Att_mat,esm2,cdr3,1807.20855444157,12.5,,,0.287643821910955
hb,13,LD1,12933,0.0662251655629139,0.487743871935968,0.64432216108054,0.772386193096548,1,0.00696148939459695,5,Att_mat,esm2,cdr3,1861.49214314418,12.5,,,0.28464232116058
hb,14,LD1,12933,0.0656716417910448,0.484742371185593,0.640820410205103,0.767883941970986,1,0.00732830667277489,5,Att_mat,esm2,cdr3,1899,12.5,,,0.283141570785393
hb,0,LD1,12604,0,0,1,1,1,0.000286021770466437,29,Att_mat,esm2,heavy_chain,19,87.5,,,1
hb,1,LD1,12604,0,0.571428571428571,1,1,1,0.000339586928685162,29,Att_mat,esm2,heavy_chain,38.7444898968562,87.5,,,0.428571428571429
hb,2,LD1,12604,0.290322580645161,0.714285714285714,1,1,1,0.000393152086903888,29,Att_mat,esm2,heavy_chain,74.2192706776989,87.5,,,0.285714285714286
hb,3,LD1,12604,0.293103448275862,0.71714795587281,0.939393939393939,1,1,0.000446717245122613,29,Att_mat,esm2,heavy_chain,135.171016702903,87.5,,,0.28285204412719
hb,4,LD1,12604,0.230769230769231,0.692307692307692,0.901900637555636,1,1,0.000500282403341338,29,Att_mat,esm2,heavy_chain,236.624735958124,87.5,,,0.307692307692308
hb,5,LD1,12604,0.20327868852459,0.665743379148508,0.864461454346638,0.974358974358974,1,0.000553847561560064,29,Att_mat,esm2,heavy_chain,396.434306381313,87.5,,,0.308615595210466
hb,6,LD1,12604,0.153846153846154,0.62962962962963,0.827558926233086,0.947368421052632,1,0.000607412719778789,29,Att_mat,esm2,heavy_chain,619.420859565786,87.5,,,0.317738791423002
hb,7,LD1,12604,0.126888217522659,0.6,0.789135451740825,0.91543780953435,1,0.000660977877997515,29,Att_mat,esm2,heavy_chain,886.004781089965,87.5,,,0.31543780953435
hb,8,LD1,12604,0.118279569892473,0.578120545895097,0.757283992779431,0.885088158913846,1,0.00071454303621624,29,Att_mat,esm2,heavy_chain,1157.56514750281,87.5,,,0.306967613018749
hb,9,LD1,12604,0.11588785046729,0.560282800974956,0.731284290012389,0.856829388324558,1,0.000768108194434965,29,Att_mat,esm2,heavy_chain,1392.98503848571,87.5,,,0.296546587349602
hb,10,LD1,12604,0.12056028014007,0.547735177112366,0.71222498962225,0.833333333333333,1,0.000821673352653691,29,Att_mat,esm2,heavy_chain,1574.20104277221,87.5,,,0.285598156220968
hb,11,LD1,12604,0.117149758454106,0.536585365853659,0.696348174087044,0.816408204102051,1,0.000875238510872416,29,Att_mat,esm2,heavy_chain,1703.62382919968,87.5,,,0.279822838248393
hb,12,LD1,12604,0.115318416523236,0.529264632316158,0.685196142888451,0.805595238095238,1,0.000928803669091141,29,Att_mat,esm2,heavy_chain,1793.63193850529,87.5,,,0.27633060577908
hb,13,LD1,12604,0.109554777388694,0.52176088044022,0.677338669334667,0.797898949474737,1,0.000982368827309867,29,Att_mat,esm2,heavy_chain,1855.30784449093,87.5,,,0.276138069034517
hb,14,LD1,12604,0.103621730382294,0.517885934999372,0.673336668334167,0.7943971985993,1,0.00103593398552859,29,Att_mat,esm2,heavy_chain,1899.00001030407,87.5,,,0.276511263599928
hb,0,LD1,12714,0.5625,0.823529411764706,1,1,1,0.0422121865561368,11,Pooled,antiberta2-cssp,all_cdrh,19.0000103040732,66.6666666666667,,,0.176470588235294
hb,1,LD1,12714,0.586206896551724,0.833333333333333,1,1,1,0.0463981037412267,11,Pooled,antiberta2-cssp,all_cdrh,32.4591495017981,66.6666666666667,,,0.166666666666667
hb,2,LD1,12714,0.533333333333333,0.8125,0.98130677847659,1,1,0.0505840209263167,11,Pooled,antiberta2-cssp,all_cdrh,54.4746468278911,66.6666666666667,,,0.1875
hb,3,LD1,12714,0.423529411764706,0.769230769230769,0.936507936507937,1,1,0.0547699381114066,11,Pooled,antiberta2-cssp,all_cdrh,90.4485981308411,66.6666666666667,,,0.230769230769231
hb,4,LD1,12714,0.336065573770492,0.730769230769231,0.899192235033548,0.9942112515123,1,0.0589558552964965,11,Pooled,antiberta2-cssp,all_cdrh,148.646704242187,66.6666666666667,,,0.263442020743069
hb,5,LD1,12714,0.265957446808511,0.686907240342355,0.86006993006993,0.968253968253968,1,0.0631417724815865,11,Pooled,antiberta2-cssp,all_cdrh,241.549722305227,66.6666666666667,,,0.281346727911613
hb,6,LD1,12714,0.211382113821138,0.650025879917184,0.825148263367006,0.942857142857143,1,0.0673276896666764,11,Pooled,antiberta2-cssp,all_cdrh,385.940741275026,66.6666666666667,,,0.292831262939959
hb,7,LD1,12714,0.168845935190449,0.616819837264601,0.789879744427181,0.91578947368421,1,0.0715136068517663,11,Pooled,antiberta2-cssp,all_cdrh,595.09801234428,66.6666666666667,,,0.29896963641961
hb,8,LD1,12714,0.148574287143572,0.592155870445344,0.758824701299655,0.887877876315407,1,0.0756995240368562,11,Pooled,antiberta2-cssp,all_cdrh,861.05573473194,66.6666666666667,,,0.295722005870063
hb,9,LD1,12714,0.14985590778098,0.574251571223895,0.731865932966483,0.857802332046453,1,0.0798854412219462,11,Pooled,antiberta2-cssp,all_cdrh,1145.67696730518,66.6666666666667,,,0.283550760822558
hb,10,LD1,12714,0.149471974004874,0.56,0.713332814532357,0.833872926683391,1,0.0840713584070361,11,Pooled,antiberta2-cssp,all_cdrh,1401.38104462694,66.6666666666667,,,0.273872926683391
hb,11,LD1,12714,0.151075537768884,0.551275637818909,0.698849424712356,0.818181818181818,1,0.088257275592126,11,Pooled,antiberta2-cssp,all_cdrh,1601.16381415574,66.6666666666667,,,0.266906180362909
hb,12,LD1,12714,0.150081566068516,0.543824597133969,0.690845422711356,0.806903451725863,1,0.092443192777216,11,Pooled,antiberta2-cssp,all_cdrh,1743.58803284939,66.6666666666667,,,0.263078854591894
hb,13,LD1,12714,0.145072536268134,0.538769384692346,0.68584292146073,0.801400700350175,1,0.0966291099623059,11,Pooled,antiberta2-cssp,all_cdrh,1837.87145668683,66.6666666666667,,,0.262631315657829
hb,14,LD1,12714,0.144072036018009,0.536768384192096,0.68384192096048,0.798899449724862,1,0.100815027147396,11,Pooled,antiberta2-cssp,all_cdrh,1899,66.6666666666667,,,0.262131065532766
hb,0,LD1,12597,0.518518518518519,0.8,1,1,1,0.119333378818083,11,Pooled,antiberta2-cssp,cdr3,19.0000103040732,66.6666666666667,,,0.2
hb,1,LD1,12597,0.586206896551724,0.833333333333333,1,1,1,0.129377565135303,11,Pooled,antiberta2-cssp,cdr3,30.7757112386526,66.6666666666667,,,0.166666666666667
hb,2,LD1,12597,0.548387096774194,0.818181818181818,1,1,1,0.139421751452523,11,Pooled,antiberta2-cssp,cdr3,49.2251749116426,66.6666666666667,,,0.181818181818182
hb,3,LD1,12597,0.470588235294118,0.787878787878788,0.947368421052632,1,1,0.149465937769744,11,Pooled,antiberta2-cssp,cdr3,78.1047306000062,66.6666666666667,,,0.212121212121212
hb,4,LD1,12597,0.375,0.75,0.910112359550562,1,1,0.159510124086964,11,Pooled,antiberta2-cssp,cdr3,123.061257715175,66.6666666666667,,,0.25
hb,5,LD1,12597,0.326530612244898,0.714285714285714,0.875862068965517,0.973333333333333,1,0.169554310404184,11,Pooled,antiberta2-cssp,cdr3,192.278313017136,66.6666666666667,,,0.259047619047619
hb,6,LD1,12597,0.274193548387097,0.679611650485437,0.84375,0.95,1,0.179598496721405,11,Pooled,antiberta2-cssp,cdr3,297.289554760997,66.6666666666667,,,0.270388349514563
hb,7,LD1,12597,0.233009708737864,0.648148148148148,0.811881188118812,0.925,1,0.189642683038625,11,Pooled,antiberta2-cssp,cdr3,450.782223412915,66.6666666666667,,,0.276851851851852
hb,8,LD1,12597,0.2,0.618421052631579,0.781867145421903,0.897520661157025,1,0.199686869355845,11,Pooled,antiberta2-cssp,cdr3,660.106915063525,66.6666666666667,,,0.279099608525446
hb,9,LD1,12597,0.182266009852217,0.59518477043673,0.755458515283843,0.870905587668594,1,0.209731055673066,11,Pooled,antiberta2-cssp,cdr3,917.029212047522,66.6666666666667,,,0.275720817231863
hb,10,LD1,12597,0.173036093418259,0.576828266228431,0.733866933466733,0.846153846153846,1,0.219775241990286,11,Pooled,antiberta2-cssp,cdr3,1194.12039279127,66.6666666666667,,,0.269325579925416
hb,11,LD1,12597,0.175135135135135,0.565789473684211,0.71735867933967,0.826446280991736,1,0.229819428307506,11,Pooled,antiberta2-cssp,cdr3,1453.39871611248,66.6666666666667,,,0.260656807307525
hb,12,LD1,12597,0.168224299065421,0.55527763881941,0.705093833780161,0.813406703351676,1,0.239863614624727,11,Pooled,antiberta2-cssp,cdr3,1663.01336438294,66.6666666666667,,,0.258129064532266
hb,13,LD1,12597,0.169084542271136,0.549774887443722,0.696348174087044,0.803901950975488,1,0.249907800941947,11,Pooled,antiberta2-cssp,cdr3,1809.31586105988,66.6666666666667,,,0.254127063531766
hb,14,LD1,12597,0.167083541770885,0.546773386693347,0.691845922961481,0.799899949974988,1,0.259951987259167,11,Pooled,antiberta2-cssp,cdr3,1899,66.6666666666667,,,0.253126563281641
hb,0,LD1,12958,0.25,0.7,1,1,1,0.00436215818933694,8,Pooled,antiberta2-cssp,heavy_chain,19.0000103040732,46.6666666666667,,,0.3
hb,1,LD1,12958,0.512820512820513,0.8,1,1,1,0.00492583943048646,8,Pooled,antiberta2-cssp,heavy_chain,34.1173633937496,46.6666666666667,,,0.2
hb,2,LD1,12958,0.441860465116279,0.77653399668325,0.96551724137931,1,1,0.00548952067163598,8,Pooled,antiberta2-cssp,heavy_chain,59.3756143803646,46.6666666666667,,,0.22346600331675
hb,3,LD1,12958,0.375,0.75,0.923076923076923,1,1,0.0060532019127855,8,Pooled,antiberta2-cssp,heavy_chain,100.673041453286,46.6666666666667,,,0.25
hb,4,LD1,12958,0.296296296296296,0.705161943319838,0.882352941176471,0.97776402640264,1,0.00661688315393501,8,Pooled,antiberta2-cssp,heavy_chain,166.648950530145,46.6666666666667,,,0.272602083082802
hb,5,LD1,12958,0.244274809160305,0.666666666666667,0.847328244274809,0.948717948717949,1,0.00718056439508453,8,Pooled,antiberta2-cssp,heavy_chain,269.509175777185,46.6666666666667,,,0.282051282051282
hb,6,LD1,12958,0.195121951219512,0.62962962962963,0.80952380952381,0.919411185829096,1,0.00774424563623405,8,Pooled,antiberta2-cssp,heavy_chain,423.374357283434,46.6666666666667,,,0.289781556199467
hb,7,LD1,12958,0.158273381294964,0.597854101299865,0.776950747094632,0.891438933126809,1,0.00830792687738357,8,Pooled,antiberta2-cssp,heavy_chain,636.676338756711,46.6666666666667,,,0.293584831826943
hb,8,LD1,12958,0.133333333333333,0.572519083969466,0.747461863533292,0.865586991010048,1,0.00887160811853309,8,Pooled,antiberta2-cssp,heavy_chain,899.271378375872,46.6666666666667,,,0.293067907040582
hb,9,LD1,12958,0.115384615384615,0.550788822673774,0.721336077875003,0.841323031083286,1,0.00943528935968261,8,Pooled,antiberta2-cssp,heavy_chain,1173.10878010077,46.6666666666667,,,0.290534208409512
hb,10,LD1,12958,0.106382978723404,0.535492684646572,0.700151806718627,0.821754867057956,1,0.00999897060083212,8,Pooled,antiberta2-cssp,heavy_chain,1416.40745396655,46.6666666666667,,,0.286262182411384
hb,11,LD1,12958,0.104,0.525065372276395,0.6846948565545,0.807403701850926,1,0.0105626518419816,8,Pooled,antiberta2-cssp,heavy_chain,1607.53284423333,46.6666666666667,,,0.28233832957453
hb,12,LD1,12958,0.0980490245122561,0.517309051351072,0.67596031577399,0.797398699349675,1,0.0111263330831312,8,Pooled,antiberta2-cssp,heavy_chain,1745.69579284691,46.6666666666667,,,0.280089647998603
hb,13,LD1,12958,0.096045197740113,0.512256128064032,0.669219288712611,0.791895947973987,1,0.0116900143242807,8,Pooled,antiberta2-cssp,heavy_chain,1838.42978289318,46.6666666666667,,,0.279639819909955
hb,14,LD1,12958,0.0900450225112556,0.508358150350328,0.667393869607834,0.788894447223612,0.9959979989995,0.0122536955654302,8,Pooled,antiberta2-cssp,heavy_chain,1899,46.6666666666667,,,0.280536296873284
hb,0,LD1,13347,0,0,1,1,1,0.00350924779687722,7,Pooled,esm2,all_cdrh,19.0000103040732,18.75,,,1
hb,1,LD1,13347,0,0.571428571428571,1,1,1,0.0039799509315264,7,Pooled,esm2,all_cdrh,34.9091077703016,18.75,,,0.428571428571429
hb,2,LD1,13347,0.218045112781955,0.685714285714286,1,1,1,0.00445065406617558,7,Pooled,esm2,all_cdrh,62.2481839070985,18.75,,,0.314285714285714
hb,3,LD1,13347,0.230769230769231,0.692307692307692,0.933333333333333,1,1,0.00492135720082476,7,Pooled,esm2,all_cdrh,108.256324124927,18.75,,,0.307692307692308
hb,4,LD1,13347,0.166666666666667,0.666666666666667,0.894736842105263,1,1,0.00539206033547394,7,Pooled,esm2,all_cdrh,184.618285608301,18.75,,,0.333333333333333
hb,5,LD1,13347,0.140243902439024,0.636363636363636,0.857142857142857,0.967741935483871,1,0.00586276347012313,7,Pooled,esm2,all_cdrh,307.686168842543,18.75,,,0.331378299120235
hb,6,LD1,13347,0.108538350217077,0.605263157894737,0.813725490196078,0.936664289534676,1,0.0063334666047723,7,Pooled,esm2,all_cdrh,492.200259662645,18.75,,,0.33140113163994
hb,7,LD1,13347,0.0779220779220779,0.575757575757576,0.78125,0.907692307692308,1,0.00680416973942148,7,Pooled,esm2,all_cdrh,733.509701284918,18.75,,,0.331934731934732
hb,8,LD1,13347,0.0746812386156649,0.555555555555556,0.749506903353057,0.877326306310467,1,0.00727487287407066,7,Pooled,esm2,all_cdrh,1000.40388875723,18.75,,,0.321770750754911
hb,9,LD1,13347,0.0666666666666667,0.536985898942421,0.72234762979684,0.852765207748305,1,0.00774557600871984,7,Pooled,esm2,all_cdrh,1253.11797133407,18.75,,,0.315779308805885
hb,10,LD1,13347,0.0795454545454545,0.526251099310588,0.703351675837919,0.829367711046051,1,0.00821627914336903,7,Pooled,esm2,all_cdrh,1468.29389277581,18.75,,,0.303116611735463
hb,11,LD1,13347,0.0870435217608804,0.520260130065033,0.691845922961481,0.812396179875001,1,0.0086869822780182,7,Pooled,esm2,all_cdrh,1637.06012426712,18.75,,,0.292136049809969
hb,12,LD1,13347,0.0920460230115058,0.516021318834618,0.68384192096048,0.80040020010005,1,0.00915768541266738,7,Pooled,esm2,all_cdrh,1759.27692196725,18.75,,,0.284378881265432
hb,13,LD1,13347,0.0975487743871936,0.514757378689345,0.677852348993289,0.792896448224112,1,0.00962838854731656,7,Pooled,esm2,all_cdrh,1843.67843048357,18.75,,,0.278139069534767
hb,14,LD1,13347,0.106553276638319,0.514257128564282,0.674337168584292,0.787893946973487,1,0.0100990916819657,7,Pooled,esm2,all_cdrh,1899,18.75,,,0.273636818409205
hb,0,LD1,13504,0,0,1,1,1,0.0102732197701115,7,Pooled,esm2,cdr3,19.0000103040732,18.75,,,1
hb,1,LD1,13504,0,0.589366515837104,1,1,1,0.0115193445034065,7,Pooled,esm2,cdr3,34.9091902028872,18.75,,,0.410633484162896
hb,2,LD1,13504,0.166666666666667,0.666666666666667,0.941176470588235,1,1,0.0127654692367014,7,Pooled,esm2,cdr3,62.5624169234098,18.75,,,0.333333333333333
hb,3,LD1,13504,0.166666666666667,0.666666666666667,0.888888888888889,1,1,0.0140115939699964,7,Pooled,esm2,cdr3,109.76819956929,18.75,,,0.333333333333333
hb,4,LD1,13504,0.115151515151515,0.62962962962963,0.85,0.975,1,0.0152577187032914,7,Pooled,esm2,cdr3,188.411864109883,18.75,,,0.34537037037037
hb,5,LD1,13504,0.0980392156862745,0.602695820161574,0.813953488372093,0.939393939393939,1,0.0165038434365863,7,Pooled,esm2,cdr3,314.944924728745,18.75,,,0.336698119232366
hb,6,LD1,13504,0.0889830508474576,0.581062207458855,0.78125,0.909785164967212,1,0.0177499681698813,7,Pooled,esm2,cdr3,502.471370132613,18.75,,,0.328722957508357
hb,7,LD1,13504,0.0731707317073171,0.558581190993618,0.752322337580167,0.882352941176471,1,0.0189960929031762,7,Pooled,esm2,cdr3,744.045276097641,18.75,,,0.323771750182852
hb,8,LD1,13504,0.08,0.542857142857143,0.727272727272727,0.855403283193875,1,0.0202422176364712,7,Pooled,esm2,cdr3,1010.31293470309,18.75,,,0.312546140336733
hb,9,LD1,13504,0.0840579710144928,0.532608695652174,0.707317073170732,0.83292922534757,1,0.0214883423697661,7,Pooled,esm2,cdr3,1263.58888808746,18.75,,,0.300320529695396
hb,10,LD1,13504,0.0959319975713418,0.526315789473684,0.693130089369226,0.813408686050342,1,0.0227344671030611,7,Pooled,esm2,cdr3,1478.09017094457,18.75,,,0.287092896576658
hb,11,LD1,13504,0.112056028014007,0.523020836321966,0.68384192096048,0.798402574303025,1,0.023980591836356,7,Pooled,esm2,cdr3,1644.61883172418,18.75,,,0.275381737981059
hb,12,LD1,13504,0.121057985757884,0.521260630315158,0.676720527926991,0.788894447223612,1,0.025226716569651,7,Pooled,esm2,cdr3,1764.14426732888,18.75,,,0.267633816908454
hb,13,LD1,13504,0.126126126126126,0.520260130065033,0.673263052208835,0.783040818373283,1,0.026472841302946,7,Pooled,esm2,cdr3,1845.95140599079,18.75,,,0.26278068830825
hb,14,LD1,13504,0.130565282641321,0.519259629814908,0.670335167583792,0.778462205444119,1,0.0277189660362409,7,Pooled,esm2,cdr3,1899.00001030407,18.75,,,0.259202575629211
hb,0,LD1,12796,0,0,1,1,1,5.3755106927067e-05,31,Pooled,esm2,heavy_chain,19.0000103040732,93.75,,,1
hb,1,LD1,12796,0,0.583333333333333,1,1,1,6.31190086176074e-05,31,Pooled,esm2,heavy_chain,38.3641253387464,93.75,,,0.416666666666667
hb,2,LD1,12796,0.25,0.7,0.967741935483871,1,1,7.24829103081478e-05,31,Pooled,esm2,heavy_chain,73.1789920555596,93.75,,,0.3
hb,3,LD1,12796,0.25,0.7,0.918918918918919,1,1,8.18468119986882e-05,31,Pooled,esm2,heavy_chain,133.516738966914,93.75,,,0.3
hb,4,LD1,12796,0.19047619047619,0.666666666666667,0.876148335440371,0.984126984126984,1,9.12107136892286e-05,31,Pooled,esm2,heavy_chain,235.093179733949,93.75,,,0.317460317460317
hb,5,LD1,12796,0.162485065710872,0.634876929916741,0.835734521835268,0.95,1,0.000100574615379769,31,Pooled,esm2,heavy_chain,396.729363517398,93.75,,,0.315123070083259
hb,6,LD1,12796,0.130820399113082,0.602557326394536,0.79712215320911,0.917317356988667,1,0.000109938517070309,31,Pooled,esm2,heavy_chain,623.307051077291,93.75,,,0.314760030594131
hb,7,LD1,12796,0.125,0.578834639954486,0.76064283793422,0.882352941176471,1,0.00011930241876085,31,Pooled,esm2,heavy_chain,892.898721264516,93.75,,,0.303518301221985
hb,8,LD1,12796,0.127659574468085,0.5625,0.731233453766042,0.852812589760339,1,0.00012866632045139,31,Pooled,esm2,heavy_chain,1162.625282074,93.75,,,0.290312589760339
hb,9,LD1,12796,0.131578947368421,0.548214825085247,0.707740329287123,0.826363780692742,1,0.000138030222141931,31,Pooled,esm2,heavy_chain,1396.17377819452,93.75,,,0.278148955607495
hb,10,LD1,12796,0.127450980392157,0.535714285714286,0.689910735259573,0.808404202101051,1,0.000147394123832471,31,Pooled,esm2,heavy_chain,1575.30105410669,93.75,,,0.272689916386765
hb,11,LD1,12796,0.127167630057803,0.528400020935284,0.678093391690901,0.795897948974487,1,0.000156758025523012,31,Pooled,esm2,heavy_chain,1702.50616698781,93.75,,,0.267497928039203
hb,12,LD1,12796,0.131386861313869,0.524747032902827,0.670335167583792,0.787893946973487,1,0.000166121927213552,31,Pooled,esm2,heavy_chain,1791.01820729734,93.75,,,0.26314691407066
hb,13,LD1,12796,0.128787878787879,0.521008403361345,0.664832416208104,0.782914095611428,1,0.000175485828904092,31,Pooled,esm2,heavy_chain,1854.27553091737,93.75,,,0.261905692250083
hb,14,LD1,12796,0.127388535031847,0.518492288322317,0.662331165582791,0.779389694847424,1,0.000184849730594633,31,Pooled,esm2,heavy_chain,1899,93.75,,,0.260897406525107
hb,0,LD1,12668,0.846153846153846,0.9375,1,1,1,0.0825643269607219,2,Unpooled,antiberta2-cssp,all_cdrh,19.0000103040732,6.66666666666667,,,0.0625
hb,1,LD1,12668,0.823529411764706,0.928571428571429,1,1,1,0.0934380216803173,2,Unpooled,antiberta2-cssp,all_cdrh,28.3682263598801,6.66666666666667,,,0.0714285714285714
hb,2,LD1,12668,0.769230769230769,0.907118055555556,1,1,1,0.104311716399913,2,Unpooled,antiberta2-cssp,all_cdrh,43.1543447124648,6.66666666666667,,,0.0928819444444444
hb,3,LD1,12668,0.632911392405063,0.852863777089783,0.972972972972973,1,1,0.115185411119508,2,Unpooled,antiberta2-cssp,all_cdrh,97.1228554647652,6.66666666666667,,,0.147136222910217
hb,4,LD1,12668,0.549019607843137,0.819402610441767,0.947368421052632,1,1,0.126059105839104,2,Unpooled,antiberta2-cssp,all_cdrh,171.145514121732,6.66666666666667,,,0.180597389558233
hb,5,LD1,12668,0.503703703703704,0.796919899425287,0.928571428571429,0.992571939969709,1,0.136932800558699,2,Unpooled,antiberta2-cssp,all_cdrh,237.821976527321,6.66666666666667,,,0.195652040544422
hb,6,LD1,12668,0.389380530973451,0.742149620379328,0.891001542317332,0.977586841576869,1,0.147806495278294,2,Unpooled,antiberta2-cssp,all_cdrh,400.183814361817,6.66666666666667,,,0.235437221197541
hb,7,LD1,12668,0.317829457364341,0.701009602495674,0.851851851851852,0.95696332226603,1,0.15868018999789,2,Unpooled,antiberta2-cssp,all_cdrh,669.317118156807,6.66666666666667,,,0.255953719770356
hb,8,LD1,12668,0.297709923664122,0.68222340152724,0.826241069228874,0.93882615426646,1,0.169553884717485,2,Unpooled,antiberta2-cssp,all_cdrh,895.128213582829,6.66666666666667,,,0.256602752739221
hb,9,LD1,12668,0.242718446601942,0.645510665382795,0.796214159752131,0.914132375585624,1,0.180427579437081,2,Unpooled,antiberta2-cssp,all_cdrh,1134.93804160785,6.66666666666667,,,0.268621710202829
hb,10,LD1,12668,0.212765957446809,0.617308654327164,0.764490526820689,0.887096774193548,1,0.191301274156676,2,Unpooled,antiberta2-cssp,all_cdrh,1447.20977032221,6.66666666666667,,,0.269788119866385
hb,11,LD1,12668,0.221110555277639,0.610305152576288,0.751375687843922,0.870511783948086,1,0.202174968876271,2,Unpooled,antiberta2-cssp,all_cdrh,1637.81865861575,6.66666666666667,,,0.260206631371798
hb,12,LD1,12668,0.212606303151576,0.601300650325163,0.740370185092546,0.860430215107554,1,0.213048663595867,2,Unpooled,antiberta2-cssp,all_cdrh,1750.87197189049,6.66666666666667,,,0.259129564782391
hb,13,LD1,12668,0.204602301150575,0.593296648324162,0.733366683341671,0.852426213106553,1,0.223922358315462,2,Unpooled,antiberta2-cssp,all_cdrh,1845.3060103659,6.66666666666667,,,0.259129564782391
hb,14,LD1,12668,0.202101050525263,0.590170085042521,0.730615307653827,0.848924462231116,1,0.234796053035058,2,Unpooled,antiberta2-cssp,all_cdrh,1899,6.66666666666667,,,0.258754377188594
hb,0,LD1,12405,0.846153846153846,0.9375,1,1,1,0.180197429768015,7,Unpooled,antiberta2-cssp,cdr3,19.0000103040732,40,,,0.0625
hb,1,LD1,12405,0.80952380952381,0.923076923076923,1,1,1,0.199158164417984,7,Unpooled,antiberta2-cssp,cdr3,30.7802244227143,40,,,0.0769230769230769
hb,2,LD1,12405,0.75,0.9,1,1,1,0.218118899067954,7,Unpooled,antiberta2-cssp,cdr3,51.1738812352523,40,,,0.1
hb,3,LD1,12405,0.671428571428571,0.866666666666667,0.982758620689655,1,1,0.237079633717923,7,Unpooled,antiberta2-cssp,cdr3,88.3513482879783,40,,,0.133333333333333
hb,4,LD1,12405,0.584745762711864,0.833333333333333,0.953846153846154,1,1,0.256040368367892,7,Unpooled,antiberta2-cssp,cdr3,145.726138342487,40,,,0.166666666666667
hb,5,LD1,12405,0.51219512195122,0.8,0.928571428571429,0.992857142857143,1,0.275001103017861,7,Unpooled,antiberta2-cssp,cdr3,228.584003956764,40,,,0.192857142857143
hb,6,LD1,12405,0.432291666666667,0.76,0.9,0.979166666666667,1,0.29396183766783,7,Unpooled,antiberta2-cssp,cdr3,352.921977557729,40,,,0.219166666666667
hb,7,LD1,12405,0.366197183098592,0.722610722610723,0.869565217391304,0.960227272727273,1,0.312922572317799,7,Unpooled,antiberta2-cssp,cdr3,530.131933353255,40,,,0.23761655011655
hb,8,LD1,12405,0.315068493150685,0.690121786197564,0.83859649122807,0.940248962655602,1,0.331883306967768,7,Unpooled,antiberta2-cssp,cdr3,750.675998722295,40,,,0.250127176458037
hb,9,LD1,12405,0.279106858054226,0.661375661375661,0.809312638580931,0.916666666666667,1,0.350844041617737,7,Unpooled,antiberta2-cssp,cdr3,1003.77740110666,40,,,0.255291005291005
hb,10,LD1,12405,0.246353322528363,0.633257403189066,0.778391167192429,0.891242937853107,1,0.369804776267706,7,Unpooled,antiberta2-cssp,cdr3,1274.99814526682,40,,,0.257985534664041
hb,11,LD1,12405,0.229508196721311,0.613120269133726,0.754945054945055,0.869341563786008,1,0.388765510917675,7,Unpooled,antiberta2-cssp,cdr3,1524.18028006471,40,,,0.256221294652282
hb,12,LD1,12405,0.221311475409836,0.601300650325163,0.741634241245136,0.854700854700855,1,0.407726245567644,7,Unpooled,antiberta2-cssp,cdr3,1708.144988614,40,,,0.253400204375692
hb,13,LD1,12405,0.215107553776888,0.5927963981991,0.732866433216608,0.844922461230615,1,0.426686980217613,7,Unpooled,antiberta2-cssp,cdr3,1826.33516058898,40,,,0.252126063031516
hb,14,LD1,12405,0.210605302651326,0.588294147073537,0.728364182091046,0.840420210105053,1,0.445647714867582,7,Unpooled,antiberta2-cssp,cdr3,1899,40,,,0.252126063031516
hb,0,LD1,12415,0.862068965517241,0.944444444444444,1,1,1,0.013994392616549,1,Unpooled,antiberta2-cssp,heavy_chain,19.0000103040732,0,,,0.0555555555555556
hb,1,LD1,12415,0.838709677419355,0.935483870967742,1,1,1,0.0160267252367015,1,Unpooled,antiberta2-cssp,heavy_chain,29.168461292749,0,,,0.0645161290322581
hb,2,LD1,12415,0.80952380952381,0.923076923076923,1,1,1,0.0180590578568541,1,Unpooled,antiberta2-cssp,heavy_chain,33.239147234902,0,,,0.0769230769230769
hb,3,LD1,12415,0.625,0.85,0.978540772532189,1,1,0.0200913904770066,1,Unpooled,antiberta2-cssp,heavy_chain,94.9475213551917,0,,,0.15
hb,4,LD1,12415,0.546979865771812,0.818181818181818,0.947368421052632,1,1,0.0221237230971592,1,Unpooled,antiberta2-cssp,heavy_chain,195.100351368896,0,,,0.181818181818182
hb,5,LD1,12415,0.522727272727273,0.808965926737919,0.941176470588235,1,1,0.0241560557173117,1,Unpooled,antiberta2-cssp,heavy_chain,219.15783779328,0,,,0.191034073262081
hb,6,LD1,12415,0.397260273972603,0.75,0.902654867256637,0.985507246376812,1,0.0261883883374643,1,Unpooled,antiberta2-cssp,heavy_chain,377.552906263846,0,,,0.235507246376812
hb,7,LD1,12415,0.318181818181818,0.701436853287001,0.85,0.957522648699119,1,0.0282207209576168,1,Unpooled,antiberta2-cssp,heavy_chain,789.684334717514,0,,,0.256085795412119
hb,8,LD1,12415,0.319148936170213,0.695966263916661,0.834417208604302,0.947368421052632,1,0.0302530535777694,1,Unpooled,antiberta2-cssp,heavy_chain,931.552411668333,0,,,0.251402157135971
hb,9,LD1,12415,0.256410256410256,0.661764705882353,0.811418685121107,0.93280446506961,1,0.0322853861979219,1,Unpooled,antiberta2-cssp,heavy_chain,1099.21162505538,0,,,0.271039759187257
hb,10,LD1,12415,0.202601300650325,0.618809404702351,0.768933539412674,0.896448224112056,1,0.0343177188180745,1,Unpooled,antiberta2-cssp,heavy_chain,1513.98052530165,0,,,0.277638819409705
hb,11,LD1,12415,0.221644120707596,0.619309654827414,0.760650224215247,0.884442221110555,1,0.036350051438227,1,Unpooled,antiberta2-cssp,heavy_chain,1663.44624880215,0,,,0.265132566283142
hb,12,LD1,12415,0.217391304347826,0.613806903451726,0.755377688844422,0.87853323571175,1,0.0383823840583795,1,Unpooled,antiberta2-cssp,heavy_chain,1710.44659914064,0,,,0.264726332260024
hb,13,LD1,12415,0.192096048024012,0.597598060152025,0.741870935467734,0.867933966983492,1,0.0404147166785321,1,Unpooled,antiberta2-cssp,heavy_chain,1830.09195354924,0,,,0.270335906831467
hb,14,LD1,12415,0.195175438596491,0.59479739869935,0.738369184592296,0.862431215607804,1,0.0424470492986846,1,Unpooled,antiberta2-cssp,heavy_chain,1899,0,,,0.267633816908454
hb,0,LD1,12453,0.75,0.9,1,1,1,0.00601677997848971,3,Unpooled,esm2,all_cdrh,19.0000103040732,6.25,,,0.1
hb,1,LD1,12453,0.75,0.9,1,1,1,0.00687918109507497,3,Unpooled,esm2,all_cdrh,36.256344733073,6.25,,,0.1
hb,2,LD1,12453,0.6875,0.875,1,1,1,0.00774158221166024,3,Unpooled,esm2,all_cdrh,66.677801935105,6.25,,,0.125
hb,3,LD1,12453,0.598870056497175,0.839160839160839,0.971428571428571,1,1,0.00860398332824551,3,Unpooled,esm2,all_cdrh,118.992838669126,6.25,,,0.160839160839161
hb,4,LD1,12453,0.514285714285714,0.805555555555556,0.944444444444444,1,1,0.00946638444483078,3,Unpooled,esm2,all_cdrh,205.579377427897,6.25,,,0.194444444444444
hb,5,LD1,12453,0.419354838709677,0.762162162162162,0.916666666666667,0.991097922848665,1,0.010328785561416,3,Unpooled,esm2,all_cdrh,343.966676627271,6.25,,,0.228935760686503
hb,6,LD1,12453,0.345323741007194,0.722475570032573,0.884297520661157,0.974137931034483,1,0.0111911866780013,3,Unpooled,esm2,all_cdrh,549.434667023875,6.25,,,0.251662361001909
hb,7,LD1,12453,0.293350717079531,0.690140845070423,0.852348993288591,0.955056179775281,1,0.0120535877945866,3,Unpooled,esm2,all_cdrh,810.413224247545,6.25,,,0.264915334704858
hb,8,LD1,12453,0.261630815407704,0.66530612244898,0.823033707865169,0.934426229508197,1,0.0129159889111718,3,Unpooled,esm2,all_cdrh,1085.59515296397,6.25,,,0.269120107059217
hb,9,LD1,12453,0.231707317073171,0.641320660330165,0.799319727891156,0.914457228614307,1,0.0137783900277571,3,Unpooled,esm2,all_cdrh,1330.70209893971,6.25,,,0.273136568284142
hb,10,LD1,12453,0.219946571682992,0.625312656328164,0.779816513761468,0.895761741122566,1,0.0146407911443424,3,Unpooled,esm2,all_cdrh,1526.56714649301,6.25,,,0.270449084794402
hb,11,LD1,12453,0.215277777777778,0.614807403701851,0.76488244122061,0.88144072036018,1,0.0155031922609277,3,Unpooled,esm2,all_cdrh,1670.67098063865,6.25,,,0.266633316658329
hb,12,LD1,12453,0.212121212121212,0.607803901950975,0.755877938969485,0.871935967983992,1,0.0163655933775129,3,Unpooled,esm2,all_cdrh,1773.23691125102,6.25,,,0.264132066033017
hb,13,LD1,12453,0.209604802401201,0.602710413694722,0.750375187593797,0.864932466233117,1,0.0172279944940982,3,Unpooled,esm2,all_cdrh,1846.58750734165,6.25,,,0.262222052538395
hb,14,LD1,12453,0.207843137254902,0.599799899949975,0.746873436718359,0.861430715357679,1,0.0180903956106835,3,Unpooled,esm2,all_cdrh,1899,6.25,,,0.261630815407704
hb,0,LD1,12690,0.586206896551724,0.833333333333333,1,1,1,0.0225694138331413,4,Unpooled,esm2,cdr3,19.0000103040732,9.375,,,0.166666666666667
hb,1,LD1,12690,0.7,0.88,1,1,1,0.0256507754473763,4,Unpooled,esm2,cdr3,36.0231223402611,9.375,,,0.12
hb,2,LD1,12690,0.642857142857143,0.857142857142857,1,1,1,0.0287321370616112,4,Unpooled,esm2,cdr3,65.8651196818102,9.375,,,0.142857142857143
hb,3,LD1,12690,0.584,0.833333333333333,0.974358974358974,1,1,0.0318134986758462,4,Unpooled,esm2,cdr3,117.054807365352,9.375,,,0.166666666666667
hb,4,LD1,12690,0.478723404255319,0.791439205955335,0.944444444444444,1,1,0.0348948602900812,4,Unpooled,esm2,cdr3,202.555502890293,9.375,,,0.208560794044665
hb,5,LD1,12690,0.387387387387387,0.75,0.914285714285714,0.992179840686275,1,0.0379762219043162,4,Unpooled,esm2,cdr3,340.589557852219,9.375,,,0.242179840686275
hb,6,LD1,12690,0.32368896925859,0.714582320436823,0.882352941176471,0.975510204081633,1,0.0410575835185512,4,Unpooled,esm2,cdr3,543.684180156416,9.375,,,0.260927883644809
hb,7,LD1,12690,0.264,0.679193219209463,0.852052254100075,0.956166561822884,1,0.0441389451327862,4,Unpooled,esm2,cdr3,800.14701851642,9.375,,,0.276973342613421
hb,8,LD1,12690,0.230483271375465,0.652775059487634,0.822239395500601,0.934322910992483,1,0.0472203067470212,4,Unpooled,esm2,cdr3,1070.81372296469,9.375,,,0.281547851504849
hb,9,LD1,12690,0.202898550724638,0.628378474951762,0.793887887104077,0.912275615167406,1,0.0503016683612562,4,Unpooled,esm2,cdr3,1313.88628424816,9.375,,,0.283897140215645
hb,10,LD1,12690,0.196018376722818,0.613806903451726,0.771524979210644,0.892446223111556,1,0.0533830299754911,4,Unpooled,esm2,cdr3,1509.693835073,9.375,,,0.27863931965983
hb,11,LD1,12690,0.192096048024012,0.602301150575288,0.757378689344672,0.875937968984492,1,0.0564643915897261,4,Unpooled,esm2,cdr3,1657.11504497728,9.375,,,0.273636818409205
hb,12,LD1,12690,0.19205298013245,0.595052076004912,0.746373186593297,0.863729254396829,1,0.0595457532039611,4,Unpooled,esm2,cdr3,1765.17158342693,9.375,,,0.268677178391918
hb,13,LD1,12690,0.192096048024012,0.590295147573787,0.739369684842421,0.855927963981991,1,0.0626271148181961,4,Unpooled,esm2,cdr3,1843.01225154304,9.375,,,0.265632816408204
hb,14,LD1,12690,0.191095547773887,0.587793896948474,0.735464996936158,0.852260928355215,1,0.0657084764324311,4,Unpooled,esm2,cdr3,1899,9.375,,,0.26446703140674
hb,0,LD1,12437,0.6875,0.875,1,1,1,0.000773258557188905,2,Unpooled,esm2,heavy_chain,19.0000103040732,3.125,,,0.125
hb,1,LD1,12437,0.722222222222222,0.888888888888889,1,1,1,0.000891651799937462,2,Unpooled,esm2,heavy_chain,37.8026976063638,3.125,,,0.111111111111111
hb,2,LD1,12437,0.642857142857143,0.857142857142857,1,1,1,0.00101004504268602,2,Unpooled,esm2,heavy_chain,72.3234448577523,3.125,,,0.142857142857143
hb,3,LD1,12437,0.553763440860215,0.821428571428571,0.961904761904762,1,1,0.00112843828543458,2,Unpooled,esm2,heavy_chain,133.31564467434,3.125,,,0.178571428571429
hb,4,LD1,12437,0.458333333333333,0.783269961977186,0.933333333333333,1,1,0.00124683152818313,2,Unpooled,esm2,heavy_chain,236.771702954178,3.125,,,0.216730038022814
hb,5,LD1,12437,0.384976525821596,0.745098039215686,0.89937106918239,0.98533724340176,1,0.00136522477093169,2,Unpooled,esm2,heavy_chain,402.25427361436,3.125,,,0.240239204186073
hb,6,LD1,12437,0.320388349514563,0.707207207207207,0.863917525773196,0.965116279069768,1,0.00148361801368025,2,Unpooled,esm2,heavy_chain,633.552658966089,3.125,,,0.25790907186256
hb,7,LD1,12437,0.26984126984127,0.673267326732673,0.831911262798635,0.943486590038314,1,0.00160201125642881,2,Unpooled,esm2,heavy_chain,904.667910024833,3.125,,,0.270219263305641
hb,8,LD1,12437,0.240740740740741,0.647527910685805,0.80040020010005,0.918795620437956,1,0.00172040449917736,2,Unpooled,esm2,heavy_chain,1171.67050665128,3.125,,,0.271267709752151
hb,9,LD1,12437,0.225941422594142,0.626865671641791,0.776888444222111,0.896265560165975,1,0.00183879774192592,2,Unpooled,esm2,heavy_chain,1398.47019546827,3.125,,,0.269399888524184
hb,10,LD1,12437,0.218109054527264,0.614307153576788,0.760299625468165,0.878740157480315,1,0.00195719098467448,2,Unpooled,esm2,heavy_chain,1572.41831445971,3.125,,,0.264433003903527
hb,11,LD1,12437,0.214607303651826,0.605802901450725,0.749374687343672,0.866666666666667,1,0.00207558422742304,2,Unpooled,esm2,heavy_chain,1697.77507238611,3.125,,,0.260863765215941
hb,12,LD1,12437,0.210250436808387,0.59879939969985,0.741370685342671,0.857928964482241,1,0.00219397747017159,2,Unpooled,esm2,heavy_chain,1786.81058022236,3.125,,,0.259129564782391
hb,13,LD1,12437,0.20760380190095,0.59479739869935,0.736368184092046,0.852926463231616,1,0.00231237071292015,2,Unpooled,esm2,heavy_chain,1851.21288215231,3.125,,,0.258129064532266
hb,14,LD1,12437,0.205102551275638,0.592296148074037,0.732866433216608,0.850425212606303,1,0.00243076395566871,2,Unpooled,esm2,heavy_chain,1899,3.125,,,0.258129064532266
hb,1,LD-1,12141,0,0,0,0,0,,,LD,antiberta2-cssp,all_cdrh,2.46203817300537,,0.235111924538927,75.4299462780537,0
hb,1,LD-1,12141,0,0,0,0,0,,,LD,antiberta2-cssp,cdr3,2.46203817300537,,0.235111924538927,75.4299462780537,0
hb,1,LD-1,12141,0,0,0,0,0,,,LD,antiberta2-cssp,cdr3_extracted,2.46203817300537,,0.235111924538927,75.4299462780537,0
hb,1,LD-1,12141,0,0,0,0,0,,,LD,antiberta2-cssp,heavy_chain,2.46203817300537,,0.235111924538927,75.4299462780537,0
hb,1,LD-1,12141,0,0,0,0,0,,,LD,antiberta2-cssp,paired_chain,2.46203817300537,,0.235111924538927,75.4299462780537,0
hb,1,LD-1,12141,0,0,0,0,0,,,LD,esm2,all_cdrh,2.46203817300537,,0.235111924538927,75.4299462780537,0
hb,1,LD-1,12141,0,0,0,0,0,,,LD,esm2,cdr3,2.46203817300537,,0.235111924538927,75.4299462780537,0
hb,1,LD-1,12141,0,0,0,0,0,,,LD,esm2,cdr3_extracted,2.46203817300537,,0.235111924538927,75.4299462780537,0
hb,1,LD-1,12141,0,0,0,0,0,,,LD,esm2,heavy_chain,2.46203817300537,,0.235111924538927,75.4299462780537,0
hb,1,LD-1,12141,0,0,0,0,0,,,LD,esm2,paired_chain,2.46203817300537,,0.235111924538927,75.4299462780537,0
hb,2,LD-1,12141,0.666666666666667,0.863636363636364,1,1,1,,,LD,antiberta2-cssp,all_cdrh,30.5993242291989,,0.0283381267472497,93.2741208921366,0.136363636363636
hb,2,LD-1,12141,0.666666666666667,0.863636363636364,1,1,1,,,LD,antiberta2-cssp,cdr3,30.5993242291989,,0.0283381267472497,93.2741208921366,0.136363636363636
hb,2,LD-1,12141,0.666666666666667,0.863636363636364,1,1,1,,,LD,antiberta2-cssp,cdr3_extracted,30.5993242291989,,0.0283381267472497,93.2741208921366,0.136363636363636
hb,2,LD-1,12141,0.666666666666667,0.863636363636364,1,1,1,,,LD,antiberta2-cssp,heavy_chain,30.5993242291989,,0.0283381267472497,93.2741208921366,0.136363636363636
hb,2,LD-1,12141,0.666666666666667,0.863636363636364,1,1,1,,,LD,antiberta2-cssp,paired_chain,30.5993242291989,,0.0283381267472497,93.2741208921366,0.136363636363636
hb,2,LD-1,12141,0.666666666666667,0.863636363636364,1,1,1,,,LD,esm2,all_cdrh,30.5993242291989,,0.0283381267472497,93.2741208921366,0.136363636363636
hb,2,LD-1,12141,0.666666666666667,0.863636363636364,1,1,1,,,LD,esm2,cdr3,30.5993242291989,,0.0283381267472497,93.2741208921366,0.136363636363636
hb,2,LD-1,12141,0.666666666666667,0.863636363636364,1,1,1,,,LD,esm2,cdr3_extracted,30.5993242291989,,0.0283381267472497,93.2741208921366,0.136363636363636
hb,2,LD-1,12141,0.666666666666667,0.863636363636364,1,1,1,,,LD,esm2,heavy_chain,30.5993242291989,,0.0283381267472497,93.2741208921366,0.136363636363636
hb,2,LD-1,12141,0.666666666666667,0.863636363636364,1,1,1,,,LD,esm2,paired_chain,30.5993242291989,,0.0283381267472497,93.2741208921366,0.136363636363636
hb,3,LD-1,12141,0.42962962962963,0.771428571428571,0.925925925925926,1,1,,,LD,antiberta2-cssp,all_cdrh,224.798736952193,,0.00468614870980069,90.0905221529877,0.228571428571429
hb,3,LD-1,12141,0.42962962962963,0.771428571428571,0.925925925925926,1,1,,,LD,antiberta2-cssp,cdr3,224.798736952193,,0.00468614870980069,90.0905221529877,0.228571428571429
hb,3,LD-1,12141,0.42962962962963,0.771428571428571,0.925925925925926,1,1,,,LD,antiberta2-cssp,cdr3_extracted,224.798736952193,,0.00468614870980069,90.0905221529877,0.228571428571429
hb,3,LD-1,12141,0.42962962962963,0.771428571428571,0.925925925925926,1,1,,,LD,antiberta2-cssp,heavy_chain,224.798736952193,,0.00468614870980069,90.0905221529877,0.228571428571429
hb,3,LD-1,12141,0.42962962962963,0.771428571428571,0.925925925925926,1,1,,,LD,antiberta2-cssp,paired_chain,224.798736952193,,0.00468614870980069,90.0905221529877,0.228571428571429
hb,3,LD-1,12141,0.42962962962963,0.771428571428571,0.925925925925926,1,1,,,LD,esm2,all_cdrh,224.798736952193,,0.00468614870980069,90.0905221529877,0.228571428571429
hb,3,LD-1,12141,0.42962962962963,0.771428571428571,0.925925925925926,1,1,,,LD,esm2,cdr3,224.798736952193,,0.00468614870980069,90.0905221529877,0.228571428571429
hb,3,LD-1,12141,0.42962962962963,0.771428571428571,0.925925925925926,1,1,,,LD,esm2,cdr3_extracted,224.798736952193,,0.00468614870980069,90.0905221529877,0.228571428571429
hb,3,LD-1,12141,0.42962962962963,0.771428571428571,0.925925925925926,1,1,,,LD,esm2,heavy_chain,224.798736952193,,0.00468614870980069,90.0905221529877,0.228571428571429
hb,3,LD-1,12141,0.42962962962963,0.771428571428571,0.925925925925926,1,1,,,LD,esm2,paired_chain,224.798736952193,,0.00468614870980069,90.0905221529877,0.228571428571429
hb,4,LD-1,12141,0.271739130434783,0.660377358490566,0.810991957104558,0.920616113744076,1,,,LD,antiberta2-cssp,all_cdrh,1190.69956356469,,0.000281571167112488,83.4497082630529,0.26023875525351
hb,4,LD-1,12141,0.271739130434783,0.660377358490566,0.810991957104558,0.920616113744076,1,,,LD,antiberta2-cssp,cdr3,1190.69956356469,,0.000281571167112488,83.4497082630529,0.26023875525351
hb,4,LD-1,12141,0.271739130434783,0.660377358490566,0.810991957104558,0.920616113744076,1,,,LD,antiberta2-cssp,cdr3_extracted,1190.69956356469,,0.000281571167112488,83.4497082630529,0.26023875525351
hb,4,LD-1,12141,0.271739130434783,0.660377358490566,0.810991957104558,0.920616113744076,1,,,LD,antiberta2-cssp,heavy_chain,1190.69956356469,,0.000281571167112488,83.4497082630529,0.26023875525351
hb,4,LD-1,12141,0.271739130434783,0.660377358490566,0.810991957104558,0.920616113744076,1,,,LD,antiberta2-cssp,paired_chain,1190.69956356469,,0.000281571167112488,83.4497082630529,0.26023875525351
hb,4,LD-1,12141,0.271739130434783,0.660377358490566,0.810991957104558,0.920616113744076,1,,,LD,esm2,all_cdrh,1190.69956356469,,0.000281571167112488,83.4497082630529,0.26023875525351
hb,4,LD-1,12141,0.271739130434783,0.660377358490566,0.810991957104558,0.920616113744076,1,,,LD,esm2,cdr3,1190.69956356469,,0.000281571167112488,83.4497082630529,0.26023875525351
hb,4,LD-1,12141,0.271739130434783,0.660377358490566,0.810991957104558,0.920616113744076,1,,,LD,esm2,cdr3_extracted,1190.69956356469,,0.000281571167112488,83.4497082630529,0.26023875525351
hb,4,LD-1,12141,0.271739130434783,0.660377358490566,0.810991957104558,0.920616113744076,1,,,LD,esm2,heavy_chain,1190.69956356469,,0.000281571167112488,83.4497082630529,0.26023875525351
hb,4,LD-1,12141,0.271739130434783,0.660377358490566,0.810991957104558,0.920616113744076,1,,,LD,esm2,paired_chain,1190.69956356469,,0.000281571167112488,83.4497082630529,0.26023875525351
