Affinity,Threshold,method,count,lower_whisker,Q1,median,Q3,upper_whisker,Threshold_original,layer,sample_size,type,model,chain,Mean_Num_Points,layer_norm2,Loneliness,Vicinty_corr,IQR
hb,0,LD1,2474,0.375,0.75,1,1,1,0.0474702438755187,1,10000,Att_mat,antiberta2-cssp,cdr3_attention_matrices_average_layers_sample_10000,19,0,,,0.25
hb,1,LD1,2474,0.340909090909091,0.733673469387755,0.947368421052632,1,1,0.0521571115815209,1,10000,Att_mat,antiberta2-cssp,cdr3_attention_matrices_average_layers_sample_10000,32.3413,0,,,0.266326530612245
hb,2,LD1,2474,0.294117647058824,0.714285714285714,0.909090909090909,1,1,0.0568439792875232,1,10000,Att_mat,antiberta2-cssp,cdr3_attention_matrices_average_layers_sample_10000,53.5936,0,,,0.285714285714286
hb,3,LD1,2474,0.22962962962963,0.680212765957447,0.866666666666667,0.982646393566223,1,0.0615308469935254,1,10000,Att_mat,antiberta2-cssp,cdr3_attention_matrices_average_layers_sample_10000,86.4476,0,,,0.302433627608776
hb,4,LD1,2474,0.153846153846154,0.636363636363636,0.8220700152207,0.961324570273003,1,0.0662177146995277,1,10000,Att_mat,antiberta2-cssp,cdr3_attention_matrices_average_layers_sample_10000,136.5462,0,,,0.324960933909367
hb,5,LD1,2474,0.106060606060606,0.603362068965517,0.78171368861024,0.9375,1,0.0709045824055299,1,10000,Att_mat,antiberta2-cssp,cdr3_attention_matrices_average_layers_sample_10000,211.4394,0,,,0.334137931034483
hb,6,LD1,2474,0.0694444444444445,0.574305555555556,0.75,0.913650612710174,1,0.0755914501115322,1,10000,Att_mat,antiberta2-cssp,cdr3_attention_matrices_average_layers_sample_10000,322.0775,0,,,0.339345057154618
hb,7,LD1,2474,0.0769230769230769,0.554768071579939,0.715081957388151,0.885914808990843,1,0.0802783178175344,1,10000,Att_mat,antiberta2-cssp,cdr3_attention_matrices_average_layers_sample_10000,480.95095,0,,,0.331146737410904
hb,8,LD1,2474,0.0779014308426073,0.532562328182766,0.682310537961554,0.849060508886653,1,0.0849651855235367,1,10000,Att_mat,antiberta2-cssp,cdr3_attention_matrices_average_layers_sample_10000,698.70395,0,,,0.316498180703887
hb,9,LD1,2474,0.0782442748091603,0.517055182031542,0.657145175401462,0.810575607111452,1,0.0896520532295389,1,10000,Att_mat,antiberta2-cssp,cdr3_attention_matrices_average_layers_sample_10000,970.1627,0,,,0.29352042507991
hb,10,LD1,2474,0.0967741935483871,0.503956174438687,0.636818409204602,0.777207843059507,1,0.0943389209355412,1,10000,Att_mat,antiberta2-cssp,cdr3_attention_matrices_average_layers_sample_10000,1258.99655,0,,,0.27325166862082
hb,11,LD1,2474,0.106666666666667,0.494747373686843,0.619178636937516,0.753945425093499,0.993653032440056,0.0990257886415434,1,10000,Att_mat,antiberta2-cssp,cdr3_attention_matrices_average_layers_sample_10000,1510.24915,0,,,0.259198051406656
hb,12,LD1,2474,0.126984126984127,0.492746373186593,0.610055027513757,0.736993496748374,0.986394557823129,0.103712656347546,1,10000,Att_mat,antiberta2-cssp,cdr3_attention_matrices_average_layers_sample_10000,1695.2212,0,,,0.244247123561781
hb,13,LD1,2474,0.140070035017509,0.485804861167211,0.605302651325663,0.726613306653327,0.977973568281938,0.108399524053548,1,10000,Att_mat,antiberta2-cssp,cdr3_attention_matrices_average_layers_sample_10000,1818.92575,0,,,0.240808445486115
hb,14,LD1,2474,0.140070035017509,0.484867433716859,0.603301650825413,0.724362181090545,0.976988494247123,0.11308639175955,1,10000,Att_mat,antiberta2-cssp,cdr3_attention_matrices_average_layers_sample_10000,1899,0,,,0.239494747373687
hb,0,LD1,2618,0,0.392403767403767,1,1,1,0.00303478822874422,5,10000,Att_mat,esm2,t33_650M_UR50D_cdr3_attention_matrices_average_layers_sample_10000,19,12.5,,,0.607596232596233
hb,1,LD1,2618,0,0.56,0.896551724137931,1,1,0.00345135438385396,5,10000,Att_mat,esm2,t33_650M_UR50D_cdr3_attention_matrices_average_layers_sample_10000,38.7671,12.5,,,0.44
hb,2,LD1,2618,0,0.6,0.853912601626016,1,1,0.00386792053896369,5,10000,Att_mat,esm2,t33_650M_UR50D_cdr3_attention_matrices_average_layers_sample_10000,76.0228,12.5,,,0.4
hb,3,LD1,2618,0.0495867768595041,0.583333333333333,0.811927369648509,0.954545454545455,1,0.00428448669407343,5,10000,Att_mat,esm2,t33_650M_UR50D_cdr3_attention_matrices_average_layers_sample_10000,143.176,12.5,,,0.371212121212121
hb,4,LD1,2618,0.0666666666666667,0.565627696289905,0.763299663299663,0.909090909090909,1,0.00470105284918316,5,10000,Att_mat,esm2,t33_650M_UR50D_cdr3_attention_matrices_average_layers_sample_10000,258.2225,12.5,,,0.343463212801004
hb,5,LD1,2618,0.0833333333333333,0.54154601029601,0.719198399558499,0.861239136803047,1,0.0051176190042929,5,10000,Att_mat,esm2,t33_650M_UR50D_cdr3_attention_matrices_average_layers_sample_10000,441.40925,12.5,,,0.319693126507036
hb,6,LD1,2618,0.0806451612903226,0.520460761624237,0.679411904309854,0.818181818181818,1,0.00553418515940264,5,10000,Att_mat,esm2,t33_650M_UR50D_cdr3_attention_matrices_average_layers_sample_10000,692.99965,12.5,,,0.297721056557581
hb,7,LD1,2618,0.105263157894737,0.5076540424884,0.649789706637279,0.777510261477653,1,0.00595075131451237,5,10000,Att_mat,esm2,t33_650M_UR50D_cdr3_attention_matrices_average_layers_sample_10000,974.2183,12.5,,,0.269856218989253
hb,8,LD1,2618,0.128787878787879,0.49895727333258,0.627965914861955,0.75,1,0.00636731746962211,5,10000,Att_mat,esm2,t33_650M_UR50D_cdr3_attention_matrices_average_layers_sample_10000,1237.49655,12.5,,,0.25104272666742
hb,9,LD1,2618,0.152416356877323,0.494872436218109,0.611584009688275,0.727246782897468,1,0.00678388362473184,5,10000,Att_mat,esm2,t33_650M_UR50D_cdr3_attention_matrices_average_layers_sample_10000,1455.05045,12.5,,,0.232374346679359
hb,10,LD1,2618,0.152542372881356,0.487868934467234,0.600550275137569,0.712216942313308,1,0.00720044977984158,5,10000,Att_mat,esm2,t33_650M_UR50D_cdr3_attention_matrices_average_layers_sample_10000,1615.4559,12.5,,,0.224348007846074
hb,11,LD1,2618,0.166666666666667,0.48624312156078,0.596298149074537,0.700844146282219,1,0.00761701593495131,5,10000,Att_mat,esm2,t33_650M_UR50D_cdr3_attention_matrices_average_layers_sample_10000,1729.9612,12.5,,,0.214601024721439
hb,12,LD1,2618,0.174505794137696,0.484367183591796,0.594547273636819,0.693547687986546,1,0.00803358209006105,5,10000,Att_mat,esm2,t33_650M_UR50D_cdr3_attention_matrices_average_layers_sample_10000,1809.1303,12.5,,,0.20918050439475
hb,13,LD1,2618,0.176588294147074,0.482879370719843,0.593296648324162,0.688828094357694,0.994845360824742,0.00845014824517078,5,10000,Att_mat,esm2,t33_650M_UR50D_cdr3_attention_matrices_average_layers_sample_10000,1862.20625,12.5,,,0.205948723637851
hb,14,LD1,2618,0.182716049382716,0.482741370685343,0.591295647823912,0.686793525187251,0.980263157894737,0.00886671440028052,5,10000,Att_mat,esm2,t33_650M_UR50D_cdr3_attention_matrices_average_layers_sample_10000,1899,12.5,,,0.204052154501909
hb,0,LD1,2450,0.441860465116279,0.773737066342057,1,1,1,0.138174260153812,10,10000,Pooled,antiberta2-cssp,cdr3_embeddings_sample_10000,19,60,,,0.226262933657943
hb,1,LD1,2450,0.380952380952381,0.75,0.935483870967742,1,1,0.148320871741136,10,10000,Pooled,antiberta2-cssp,cdr3_embeddings_sample_10000,30.9823,60,,,0.25
hb,2,LD1,2450,0.352941176470588,0.73484393757503,0.892857142857143,0.989872344841901,1,0.158467483328461,10,10000,Pooled,antiberta2-cssp,cdr3_embeddings_sample_10000,49.7311,60,,,0.255028407266871
hb,3,LD1,2450,0.333333333333333,0.706540651692502,0.857142857142857,0.957575757575757,1,0.168614094915786,10,10000,Pooled,antiberta2-cssp,cdr3_embeddings_sample_10000,79.1698,60,,,0.251035105883255
hb,4,LD1,2450,0.290322580645161,0.673469387755102,0.821328810853951,0.931034482758621,1,0.178760706503111,10,10000,Pooled,antiberta2-cssp,cdr3_embeddings_sample_10000,124.1499,60,,,0.257565095003519
hb,5,LD1,2450,0.268041237113402,0.647058823529412,0.79117401585756,0.9,1,0.188907318090435,10,10000,Pooled,antiberta2-cssp,cdr3_embeddings_sample_10000,192.2215,60,,,0.252941176470588
hb,6,LD1,2450,0.26271186440678,0.626392126392126,0.767020290452158,0.869565217391304,1,0.19905392967776,10,10000,Pooled,antiberta2-cssp,cdr3_embeddings_sample_10000,293.3031,60,,,0.243173090999178
hb,7,LD1,2450,0.255,0.605966910325023,0.739879564879565,0.842225277986625,1,0.209200541265085,10,10000,Pooled,antiberta2-cssp,cdr3_embeddings_sample_10000,439.45485,60,,,0.236258367661602
hb,8,LD1,2450,0.256756756756757,0.588409672169263,0.715797486492134,0.811623009303661,1,0.21934715285241,10,10000,Pooled,antiberta2-cssp,cdr3_embeddings_sample_10000,643.0742,60,,,0.223213337134398
hb,9,LD1,2450,0.258114374034003,0.575592571975974,0.693833850456671,0.787522581559279,1,0.229493764439734,10,10000,Pooled,antiberta2-cssp,cdr3_embeddings_sample_10000,902.4072,60,,,0.211930009583305
hb,10,LD1,2450,0.260674157303371,0.564801900129047,0.677538434262847,0.768702827960488,0.997282608695652,0.239640376027059,10,10000,Pooled,antiberta2-cssp,cdr3_embeddings_sample_10000,1189.29695,60,,,0.203900927831442
hb,11,LD1,2450,0.27317880794702,0.558501827513804,0.666666666666667,0.752945667767446,0.992015968063872,0.249786987614384,10,10000,Pooled,antiberta2-cssp,cdr3_embeddings_sample_10000,1457.17535,60,,,0.194443840253643
hb,12,LD1,2450,0.262650602409639,0.552402485378563,0.658981417084092,0.746774795848629,0.985981308411215,0.259933599201709,10,10000,Pooled,antiberta2-cssp,cdr3_embeddings_sample_10000,1668.97375,60,,,0.194372310470065
hb,13,LD1,2450,0.26508226691042,0.550775387693847,0.654327163581791,0.742871435717859,0.974910394265233,0.270080210789033,10,10000,Pooled,antiberta2-cssp,cdr3_embeddings_sample_10000,1812.7824,60,,,0.192096048024012
hb,14,LD1,2450,0.269072164948454,0.549274637318659,0.651575787893947,0.738744372186093,0.959239130434783,0.280226822376358,10,10000,Pooled,antiberta2-cssp,cdr3_embeddings_sample_10000,1899,60,,,0.189469734867434
hb,0,LD1,2684,0,0.571428571428571,0.933333333333333,1,1,0.0135721279862298,7,10000,Pooled,esm2,t33_650M_UR50D_cdr3_embeddings_sample_10000,19,18.75,,,0.428571428571429
hb,1,LD1,2684,0.0689655172413793,0.619047619047619,0.885714285714286,1,1,0.0150847215770748,7,10000,Pooled,esm2,t33_650M_UR50D_cdr3_embeddings_sample_10000,36.5868,18.75,,,0.380952380952381
hb,2,LD1,2684,0.0909090909090909,0.619674185463659,0.833333333333333,0.972972972972973,1,0.0165973151679199,7,10000,Pooled,esm2,t33_650M_UR50D_cdr3_embeddings_sample_10000,68.1225,18.75,,,0.353298787509314
hb,3,LD1,2684,0.121951219512195,0.6,0.794871794871795,0.923223722842043,1,0.0181099087587649,7,10000,Pooled,esm2,t33_650M_UR50D_cdr3_embeddings_sample_10000,122.2561,18.75,,,0.323223722842044
hb,4,LD1,2684,0.117647058823529,0.57516592920354,0.760198846303178,0.881411685994648,1,0.01962250234961,7,10000,Pooled,esm2,t33_650M_UR50D_cdr3_embeddings_sample_10000,211.2511,18.75,,,0.306245756791108
hb,5,LD1,2684,0.122641509433962,0.553317635186275,0.727272727272727,0.844031175059952,1,0.021135095940455,7,10000,Pooled,esm2,t33_650M_UR50D_cdr3_embeddings_sample_10000,349.72005,18.75,,,0.290713539873677
hb,6,LD1,2684,0.131630648330059,0.542801771871539,0.697705385067971,0.8170856474715,1,0.0226476895313,7,10000,Pooled,esm2,t33_650M_UR50D_cdr3_embeddings_sample_10000,550.82935,18.75,,,0.27428387559996
hb,7,LD1,2684,0.151452282157676,0.533984061460842,0.678827641051398,0.789178311492321,1,0.0241602831221451,7,10000,Pooled,esm2,t33_650M_UR50D_cdr3_embeddings_sample_10000,806.47195,18.75,,,0.255194250031479
hb,8,LD1,2684,0.175693527080581,0.528174843235571,0.65624844979314,0.763693992220141,1,0.0256728767129901,7,10000,Pooled,esm2,t33_650M_UR50D_cdr3_embeddings_sample_10000,1079.9235,18.75,,,0.23551914898457
hb,9,LD1,2684,0.191489361702128,0.521705582393988,0.645768598585007,0.744149510370885,1,0.0271854703038352,7,10000,Pooled,esm2,t33_650M_UR50D_cdr3_embeddings_sample_10000,1329.18265,18.75,,,0.222443927976896
hb,10,LD1,2684,0.192096048024012,0.516258129064532,0.637414567125517,0.732866433216608,1,0.0286980638946802,7,10000,Pooled,esm2,t33_650M_UR50D_cdr3_embeddings_sample_10000,1531.75265,18.75,,,0.216608304152076
hb,11,LD1,2684,0.203184230477635,0.514182231190086,0.63118700794512,0.722379250461733,1,0.0302106574855253,7,10000,Pooled,esm2,t33_650M_UR50D_cdr3_embeddings_sample_10000,1680.32085,18.75,,,0.208197019271647
hb,12,LD1,2684,0.214107053526763,0.514257128564282,0.629064532266133,0.715857928964482,1,0.0317232510763703,7,10000,Pooled,esm2,t33_650M_UR50D_cdr3_embeddings_sample_10000,1783.46005,18.75,,,0.2016008004002
hb,13,LD1,2684,0.219109554777389,0.514278567855356,0.626854979213745,0.712802548384525,1,0.0332358446672154,7,10000,Pooled,esm2,t33_650M_UR50D_cdr3_embeddings_sample_10000,1852.5227,18.75,,,0.198523980529169
hb,14,LD1,2684,0.219109554777389,0.513631815907954,0.626107171614847,0.71048024012006,1,0.0347484382580604,7,10000,Pooled,esm2,t33_650M_UR50D_cdr3_embeddings_sample_10000,1899,18.75,,,0.196848424212106
hb,0,LD1,2523,0.722222222222222,0.888888888888889,1,1,1,0.239284305462528,7,10000,Unpooled,antiberta2-cssp,cdr3_embeddings_unpooled_sample_10000,19,40,,,0.111111111111111
hb,1,LD1,2523,0.642857142857143,0.857142857142857,1,1,1,0.258556021682482,7,10000,Unpooled,antiberta2-cssp,cdr3_embeddings_unpooled_sample_10000,31.35,40,,,0.142857142857143
hb,2,LD1,2523,0.566666666666667,0.826086956521739,0.96551724137931,1,1,0.277827737902435,7,10000,Unpooled,antiberta2-cssp,cdr3_embeddings_unpooled_sample_10000,49.3909,40,,,0.173913043478261
hb,3,LD1,2523,0.487179487179487,0.7946961714085,0.932038834951456,1,1,0.297099454122388,7,10000,Unpooled,antiberta2-cssp,cdr3_embeddings_unpooled_sample_10000,77.8328,40,,,0.2053038285915
hb,4,LD1,2523,0.41025641025641,0.753523922970022,0.897959183673469,0.983844868984236,1,0.316371170342342,7,10000,Unpooled,antiberta2-cssp,cdr3_embeddings_unpooled_sample_10000,121.9838,40,,,0.230320946014214
hb,5,LD1,2523,0.353846153846154,0.723482008995502,0.866666666666667,0.970559343580261,1,0.335642886562295,7,10000,Unpooled,antiberta2-cssp,cdr3_embeddings_unpooled_sample_10000,185.8105,40,,,0.247077334584759
hb,6,LD1,2523,0.297872340425532,0.688706739526412,0.837209302325582,0.951528500867708,1,0.354914602782248,7,10000,Unpooled,antiberta2-cssp,cdr3_embeddings_unpooled_sample_10000,277.8374,40,,,0.262821761341296
hb,7,LD1,2523,0.255813953488372,0.658813747228381,0.800687285223368,0.927522762782178,1,0.374186319002201,7,10000,Unpooled,antiberta2-cssp,cdr3_embeddings_unpooled_sample_10000,413.744,40,,,0.268709015553796
hb,8,LD1,2523,0.237037037037037,0.633625576298088,0.766612641815235,0.898554774145847,1,0.393458035222155,7,10000,Unpooled,antiberta2-cssp,cdr3_embeddings_unpooled_sample_10000,609.75045,40,,,0.264929197847759
hb,9,LD1,2523,0.215880893300248,0.605841776694654,0.735042735042735,0.867976262602725,1,0.412729751442108,7,10000,Unpooled,antiberta2-cssp,cdr3_embeddings_unpooled_sample_10000,872.95365,40,,,0.262134485908071
hb,10,LD1,2523,0.214574898785425,0.586306495019053,0.711286089238845,0.83455305541629,1,0.432001467662061,7,10000,Unpooled,antiberta2-cssp,cdr3_embeddings_unpooled_sample_10000,1185.64975,40,,,0.248246560397236
hb,11,LD1,2523,0.216710182767624,0.571011213023773,0.688344172086043,0.808654327163582,1,0.451273183882015,7,10000,Unpooled,antiberta2-cssp,cdr3_embeddings_unpooled_sample_10000,1482.21965,40,,,0.237643114139809
hb,12,LD1,2523,0.220735785953177,0.563531765882942,0.674837418709355,0.79639819909955,0.984992496248124,0.470544900101968,7,10000,Unpooled,antiberta2-cssp,cdr3_embeddings_unpooled_sample_10000,1697.77495,40,,,0.232866433216608
hb,13,LD1,2523,0.217108554277139,0.559529764882441,0.668334167083542,0.790395197598799,0.984992496248124,0.489816616321921,7,10000,Unpooled,antiberta2-cssp,cdr3_embeddings_unpooled_sample_10000,1824.99605,40,,,0.230865432716358
hb,14,LD1,2523,0.217108554277139,0.556778389194597,0.665832916458229,0.788894447223612,0.984992496248124,0.509088332541874,7,10000,Unpooled,antiberta2-cssp,cdr3_embeddings_unpooled_sample_10000,1899,40,,,0.232116058029014
hb,0,LD1,2488,0.586206896551724,0.833333333333333,1,1,1,0.0414025720603756,5,10000,Unpooled,esm2,t33_650M_UR50D_cdr3_embeddings_unpooled_sample_10000,19,12.5,,,0.166666666666667
hb,1,LD1,2488,0.536585365853659,0.813502824858757,0.988235294117647,1,1,0.045744413509704,5,10000,Unpooled,esm2,t33_650M_UR50D_cdr3_embeddings_unpooled_sample_10000,33.8814,12.5,,,0.186497175141243
hb,2,LD1,2488,0.451612903225806,0.779672131147541,0.945945945945946,1,1,0.0500862549590323,5,10000,Unpooled,esm2,t33_650M_UR50D_cdr3_embeddings_unpooled_sample_10000,59.0733,12.5,,,0.220327868852459
hb,3,LD1,2488,0.375,0.75,0.911111111111111,1,1,0.0544280964083607,5,10000,Unpooled,esm2,t33_650M_UR50D_cdr3_embeddings_unpooled_sample_10000,100.7299,12.5,,,0.25
hb,4,LD1,2488,0.322834645669291,0.713553077650423,0.875431034482759,0.977590511860175,1,0.0587699378576891,5,10000,Unpooled,esm2,t33_650M_UR50D_cdr3_embeddings_unpooled_sample_10000,168.1654,12.5,,,0.264037434209752
hb,5,LD1,2488,0.247706422018349,0.67110200845666,0.835700205173593,0.957173382173382,1,0.0631117793070175,5,10000,Unpooled,esm2,t33_650M_UR50D_cdr3_embeddings_unpooled_sample_10000,275.2818,12.5,,,0.286071373716723
hb,6,LD1,2488,0.222222222222222,0.645186058138704,0.8,0.92948980188183,1,0.0674536207563459,5,10000,Unpooled,esm2,t33_650M_UR50D_cdr3_embeddings_unpooled_sample_10000,439.3033,12.5,,,0.284303743743126
hb,7,LD1,2488,0.189542483660131,0.613054199587338,0.767009951400139,0.899121086910848,1,0.0717954622056742,5,10000,Unpooled,esm2,t33_650M_UR50D_cdr3_embeddings_unpooled_sample_10000,670.07505,12.5,,,0.28606688732351
hb,8,LD1,2488,0.19672131147541,0.595509495079031,0.737116285415435,0.865917580707184,1,0.0761373036550026,5,10000,Unpooled,esm2,t33_650M_UR50D_cdr3_embeddings_unpooled_sample_10000,947.6757,12.5,,,0.270408085628152
hb,9,LD1,2488,0.207792207792208,0.582736910501857,0.710105052526263,0.834118274414985,1,0.080479145104331,5,10000,Unpooled,esm2,t33_650M_UR50D_cdr3_embeddings_unpooled_sample_10000,1223.31435,12.5,,,0.251381363913129
hb,10,LD1,2488,0.222972972972973,0.573584818725152,0.691885694399995,0.811010500488994,1,0.0848209865536594,5,10000,Unpooled,esm2,t33_650M_UR50D_cdr3_embeddings_unpooled_sample_10000,1455.93405,12.5,,,0.237425681763841
hb,11,LD1,2488,0.225045372050817,0.565782891445723,0.680340170085043,0.794929305448744,1,0.0891628280029878,5,10000,Unpooled,esm2,t33_650M_UR50D_cdr3_embeddings_unpooled_sample_10000,1630.3534,12.5,,,0.229146414003021
hb,12,LD1,2488,0.232365145228216,0.563031515757879,0.674696815863553,0.785017508754377,1,0.0935046694523161,5,10000,Unpooled,esm2,t33_650M_UR50D_cdr3_embeddings_unpooled_sample_10000,1753.6072,12.5,,,0.221985992996498
hb,13,LD1,2488,0.229114557278639,0.559266892399368,0.671335667833917,0.780390195097549,1,0.0978465109016445,5,10000,Unpooled,esm2,t33_650M_UR50D_cdr3_embeddings_unpooled_sample_10000,1838.73805,12.5,,,0.221123302698181
hb,14,LD1,2488,0.229114557278639,0.557778889444722,0.669847772318215,0.776888444222111,0.997245179063361,0.102188352350973,5,10000,Unpooled,esm2,t33_650M_UR50D_cdr3_embeddings_unpooled_sample_10000,1899,12.5,,,0.219109554777389
hb,0,LD1,629,0.222222222222222,0.6875,0.944444444444444,1,1,0.0599342018963405,1,2500,Att_mat,antiberta2-cssp,cdr3_attention_matrices_average_layers_sample_2500,19,0,,,0.3125
hb,1,LD1,629,0.2,0.675675675675676,0.884615384615385,1,1,0.065332042642509,1,2500,Att_mat,antiberta2-cssp,cdr3_attention_matrices_average_layers_sample_2500,32.3124,0,,,0.324324324324324
hb,2,LD1,629,0.197530864197531,0.633333333333333,0.818181818181818,0.978494623655914,1,0.0707298833886774,1,2500,Att_mat,antiberta2-cssp,cdr3_attention_matrices_average_layers_sample_2500,53.4424,0,,,0.345161290322581
hb,3,LD1,629,0.1,0.602040816326531,0.777777777777778,0.95,1,0.0761277241348459,1,2500,Att_mat,antiberta2-cssp,cdr3_attention_matrices_average_layers_sample_2500,86.5224,0,,,0.347959183673469
hb,4,LD1,629,0.0641025641025641,0.565022421524664,0.736842105263158,0.909090909090909,1,0.0815255648810143,1,2500,Att_mat,antiberta2-cssp,cdr3_attention_matrices_average_layers_sample_2500,136.4632,0,,,0.344068487566245
hb,5,LD1,629,0.118110236220472,0.533762057877814,0.697478991596639,0.872832369942197,1,0.0869234056271828,1,2500,Att_mat,antiberta2-cssp,cdr3_attention_matrices_average_layers_sample_2500,210.5864,0,,,0.339070312064383
hb,6,LD1,629,0.126760563380282,0.518867924528302,0.664819944598338,0.823361823361823,1,0.0923212463733512,1,2500,Att_mat,antiberta2-cssp,cdr3_attention_matrices_average_layers_sample_2500,317.768,0,,,0.304493898833522
hb,7,LD1,629,0.113207547169811,0.5,0.638655462184874,0.777777777777778,1,0.0977190871195197,1,2500,Att_mat,antiberta2-cssp,cdr3_attention_matrices_average_layers_sample_2500,467.1808,0,,,0.277777777777778
hb,8,LD1,629,0.150943396226415,0.490056818181818,0.609756097560976,0.728770595690748,0.992822966507177,0.103116927865688,1,2500,Att_mat,antiberta2-cssp,cdr3_attention_matrices_average_layers_sample_2500,668.2982,0,,,0.23871377750893
hb,9,LD1,629,0.192982456140351,0.479627473806752,0.584834834834835,0.680933852140078,0.965087281795511,0.108514768611857,1,2500,Att_mat,antiberta2-cssp,cdr3_attention_matrices_average_layers_sample_2500,920.1436,0,,,0.201306378333326
hb,10,LD1,629,0.235294117647059,0.475609756097561,0.561450638012089,0.639219934994583,0.883076923076923,0.113912609358025,1,2500,Att_mat,antiberta2-cssp,cdr3_attention_matrices_average_layers_sample_2500,1202.2454,0,,,0.163610178897022
hb,11,LD1,629,0.282051282051282,0.47335092348285,0.541065830721003,0.609006433166548,0.802407221664995,0.119310450104194,1,2500,Att_mat,antiberta2-cssp,cdr3_attention_matrices_average_layers_sample_2500,1466.9806,0,,,0.135655509683698
hb,12,LD1,629,0.291310541310541,0.470235117558779,0.528764382191096,0.590296495956873,0.769556025369979,0.124708290850362,1,2500,Att_mat,antiberta2-cssp,cdr3_attention_matrices_average_layers_sample_2500,1675.3144,0,,,0.120061378398094
hb,13,LD1,629,0.311864406779661,0.469734867433717,0.52176088044022,0.576288144072036,0.711034482758621,0.13010613159653,1,2500,Att_mat,antiberta2-cssp,cdr3_attention_matrices_average_layers_sample_2500,1813.5742,0,,,0.106553276638319
hb,14,LD1,629,0.315258511979823,0.468234117058529,0.518099547511312,0.571785892946473,0.715780998389694,0.135503972342699,1,2500,Att_mat,antiberta2-cssp,cdr3_attention_matrices_average_layers_sample_2500,1899,0,,,0.103551775887944
hb,0,LD1,611,0.142857142857143,0.636363636363636,0.80952380952381,1,1,0.00438107623471005,1,2500,Att_mat,esm2,t33_650M_UR50D_cdr3_attention_matrices_average_layers_sample_2500,19,0,,,0.363636363636364
hb,1,LD1,611,0.153846153846154,0.601874913518749,0.763440860215054,0.916666666666667,1,0.0049139201543823,1,2500,Att_mat,esm2,t33_650M_UR50D_cdr3_attention_matrices_average_layers_sample_2500,37.0028,0,,,0.314791753147918
hb,2,LD1,611,0.19047619047619,0.6,0.725274725274725,0.875,1,0.00544676407405455,1,2500,Att_mat,esm2,t33_650M_UR50D_cdr3_attention_matrices_average_layers_sample_2500,68.2004,0,,,0.275
hb,3,LD1,611,0.257142857142857,0.585190131440219,0.695431472081218,0.817541613316261,1,0.0059796079937268,1,2500,Att_mat,esm2,t33_650M_UR50D_cdr3_attention_matrices_average_layers_sample_2500,120.5568,0,,,0.232351481876042
hb,4,LD1,611,0.2875,0.57389068623583,0.666666666666667,0.769642122583299,1,0.00651245191339905,1,2500,Att_mat,esm2,t33_650M_UR50D_cdr3_attention_matrices_average_layers_sample_2500,202.6816,0,,,0.19575143634747
hb,5,LD1,611,0.317460317460317,0.561782835467046,0.64321608040201,0.727916166466587,0.975155279503106,0.0070452958330713,1,2500,Att_mat,esm2,t33_650M_UR50D_cdr3_attention_matrices_average_layers_sample_2500,324.5948,0,,,0.166133330999541
hb,6,LD1,611,0.357682619647355,0.555867665418227,0.621564482029598,0.697322057787174,0.909090909090909,0.00757813975274355,1,2500,Att_mat,esm2,t33_650M_UR50D_cdr3_attention_matrices_average_layers_sample_2500,497.4052,0,,,0.141454392368947
hb,7,LD1,611,0.377155172413793,0.546051245073747,0.603252032520325,0.671010186757216,0.857142857142857,0.0081109836724158,1,2500,Att_mat,esm2,t33_650M_UR50D_cdr3_attention_matrices_average_layers_sample_2500,723.1636,0,,,0.124958941683469
hb,8,LD1,611,0.381578947368421,0.542997766564645,0.589531680440771,0.651360040986378,0.809113300492611,0.00864382759208804,1,2500,Att_mat,esm2,t33_650M_UR50D_cdr3_attention_matrices_average_layers_sample_2500,984.4084,0,,,0.108362274421733
hb,9,LD1,611,0.410355486862442,0.539941634241245,0.579387186629527,0.630425181719082,0.763819095477387,0.0091766715117603,1,2500,Att_mat,esm2,t33_650M_UR50D_cdr3_attention_matrices_average_layers_sample_2500,1243.7722,0,,,0.0904835474778368
hb,10,LD1,611,0.422651933701657,0.537193269123645,0.573286643321661,0.62022789307275,0.735408560311284,0.00970951543143254,1,2500,Att_mat,esm2,t33_650M_UR50D_cdr3_attention_matrices_average_layers_sample_2500,1463.79,0,,,0.0830346239491052
hb,11,LD1,611,0.427889207258835,0.534341358991184,0.570285142571286,0.610081734094139,0.722863741339492,0.0102423593511048,1,2500,Att_mat,esm2,t33_650M_UR50D_cdr3_attention_matrices_average_layers_sample_2500,1629.554,0,,,0.0757403751029548
hb,12,LD1,611,0.437668161434978,0.533766883441721,0.568262411347518,0.607460773917793,0.703111858704794,0.010775203270777,1,2500,Att_mat,esm2,t33_650M_UR50D_cdr3_attention_matrices_average_layers_sample_2500,1749.5068,0,,,0.0736938904760724
hb,13,LD1,611,0.435536294691224,0.53351675837919,0.566283141570786,0.60280140070035,0.695847923961981,0.0113080471904493,1,2500,Att_mat,esm2,t33_650M_UR50D_cdr3_attention_matrices_average_layers_sample_2500,1836.4472,0,,,0.0692846423211606
hb,14,LD1,611,0.432835820895522,0.533266633316658,0.56528264132066,0.601300650325163,0.695847923961981,0.0118408911101215,1,2500,Att_mat,esm2,t33_650M_UR50D_cdr3_attention_matrices_average_layers_sample_2500,1899,0,,,0.0680340170085042
hb,0,LD1,630,0.25,0.686234817813765,0.888888888888889,1,1,0.134210645688388,7,2500,Pooled,antiberta2-cssp,cdr3_embeddings_sample_2500,19,40,,,0.313765182186235
hb,1,LD1,630,0.285714285714286,0.690934065934066,0.84,0.962962962962963,1,0.145644017308937,7,2500,Pooled,antiberta2-cssp,cdr3_embeddings_sample_2500,34.5392,40,,,0.272028897028897
hb,2,LD1,630,0.299212598425197,0.666666666666667,0.790697674418605,0.915760869565217,1,0.157077388929487,7,2500,Pooled,antiberta2-cssp,cdr3_embeddings_sample_2500,60.9532,40,,,0.249094202898551
hb,3,LD1,630,0.3125,0.642914908579466,0.764297385620915,0.866321243523316,1,0.168510760550036,7,2500,Pooled,antiberta2-cssp,cdr3_embeddings_sample_2500,104.376,40,,,0.223406334943851
hb,4,LD1,630,0.289719626168224,0.609119141727837,0.736131868131868,0.825372920252438,1,0.179944132170585,7,2500,Pooled,antiberta2-cssp,cdr3_embeddings_sample_2500,172.056,40,,,0.216253778524601
hb,5,LD1,630,0.26605504587156,0.580080302770392,0.70331155870078,0.798497873094647,0.993827160493827,0.191377503791135,7,2500,Pooled,antiberta2-cssp,cdr3_embeddings_sample_2500,272.404,40,,,0.218417570324255
hb,6,LD1,630,0.287383177570093,0.575428867663692,0.682477914845673,0.771834841272725,0.97737556561086,0.202810875411684,7,2500,Pooled,antiberta2-cssp,cdr3_embeddings_sample_2500,413.4636,40,,,0.196405973609033
hb,7,LD1,630,0.270796460176991,0.55534631715181,0.657699884146319,0.745203874889198,0.944237918215613,0.214244247032233,7,2500,Pooled,antiberta2-cssp,cdr3_embeddings_sample_2500,601.114,40,,,0.189857557737389
hb,8,LD1,630,0.305626598465473,0.548021933158302,0.63715128101533,0.720107940886322,0.91800878477306,0.225677618652783,7,2500,Pooled,antiberta2-cssp,cdr3_embeddings_sample_2500,834.3352,40,,,0.17208600772802
hb,9,LD1,630,0.307420494699647,0.5402155754032,0.617967367853049,0.696002838129174,0.884041331802526,0.237110990273332,7,2500,Pooled,antiberta2-cssp,cdr3_embeddings_sample_2500,1098.3784,40,,,0.155787262725974
hb,10,LD1,630,0.331331331331331,0.533036979128852,0.60678971665136,0.671804415019112,0.864559819413093,0.248544361893881,7,2500,Pooled,antiberta2-cssp,cdr3_embeddings_sample_2500,1356.9404,40,,,0.13876743589026
hb,11,LD1,630,0.339882121807466,0.530015007503752,0.599049524762381,0.658820758098919,0.847619047619048,0.259977733514431,7,2500,Pooled,antiberta2-cssp,cdr3_embeddings_sample_2500,1573.7812,40,,,0.128805750595167
hb,12,LD1,630,0.350675337668834,0.529389694847424,0.59507911418804,0.650200100050025,0.826666666666667,0.27141110513498,7,2500,Pooled,antiberta2-cssp,cdr3_embeddings_sample_2500,1732.2052,40,,,0.120810405202601
hb,13,LD1,630,0.360680340170085,0.529764882441221,0.594047023511756,0.645697848924462,0.813676907829534,0.282844476755529,7,2500,Pooled,antiberta2-cssp,cdr3_embeddings_sample_2500,1835.7382,40,,,0.115932966483242
hb,14,LD1,630,0.360680340170085,0.529389694847424,0.592546273136568,0.642145494712674,0.800637958532695,0.294277848376079,7,2500,Pooled,antiberta2-cssp,cdr3_embeddings_sample_2500,1899,40,,,0.112755799865251
hb,0,LD1,628,0,0.545454545454545,0.792385057471264,0.948026315789474,1,0.0102747176577405,4,2500,Pooled,esm2,t33_650M_UR50D_cdr3_embeddings_sample_2500,19,9.375,,,0.402571770334928
hb,1,LD1,628,0.142857142857143,0.578874741265759,0.75,0.878787878787879,1,0.0118688933706718,4,2500,Pooled,esm2,t33_650M_UR50D_cdr3_embeddings_sample_2500,46.3528,9.375,,,0.29991313752212
hb,2,LD1,628,0.1875,0.569975754310345,0.709677419354839,0.827656868287168,1,0.0134630690836032,4,2500,Pooled,esm2,t33_650M_UR50D_cdr3_embeddings_sample_2500,99.1972,9.375,,,0.257681113976823
hb,3,LD1,628,0.208333333333333,0.555555555555556,0.688012295081967,0.796015180265655,1,0.0150572447965345,4,2500,Pooled,esm2,t33_650M_UR50D_cdr3_embeddings_sample_2500,188.7888,9.375,,,0.240459624710099
hb,4,LD1,628,0.228070175438597,0.547330189881483,0.658291281188674,0.761417225646089,1,0.0166514205094658,4,2500,Pooled,esm2,t33_650M_UR50D_cdr3_embeddings_sample_2500,325.6756,9.375,,,0.214087035764606
hb,5,LD1,628,0.264285714285714,0.541917822251936,0.639098457888494,0.727819549274779,1,0.0182455962223971,4,2500,Pooled,esm2,t33_650M_UR50D_cdr3_embeddings_sample_2500,515.165,9.375,,,0.185901727022843
hb,6,LD1,628,0.27683615819209,0.533760930047695,0.621889528011977,0.707029789803606,0.964285714285714,0.0198397719353284,4,2500,Pooled,esm2,t33_650M_UR50D_cdr3_embeddings_sample_2500,754.4244,9.375,,,0.173268859755911
hb,7,LD1,628,0.307692307692308,0.530453741660638,0.60482169868317,0.679145738162766,0.88,0.0214339476482598,4,2500,Pooled,esm2,t33_650M_UR50D_cdr3_embeddings_sample_2500,1019.2094,9.375,,,0.148691996502128
hb,8,LD1,628,0.328025477707006,0.526696467892066,0.595559768188188,0.659178862932733,0.851485148514852,0.0230281233611911,4,2500,Pooled,esm2,t33_650M_UR50D_cdr3_embeddings_sample_2500,1268.0702,9.375,,,0.132482395040667
hb,9,LD1,628,0.349468713105077,0.52463731865933,0.589294647323662,0.643731068290051,0.806122448979592,0.0246222990741224,4,2500,Pooled,esm2,t33_650M_UR50D_cdr3_embeddings_sample_2500,1469.9232,9.375,,,0.119093749630721
hb,10,LD1,628,0.360867320598864,0.526253292730281,0.585927071244175,0.637873848067392,0.791666666666667,0.0262164747870537,4,2500,Pooled,esm2,t33_650M_UR50D_cdr3_embeddings_sample_2500,1621.255,9.375,,,0.11162055533711
hb,11,LD1,628,0.372686343171586,0.527138569284642,0.582791395697849,0.630229816993626,0.784615384615385,0.0278106504999851,4,2500,Pooled,esm2,t33_650M_UR50D_cdr3_embeddings_sample_2500,1729.9282,9.375,,,0.103091247708983
hb,12,LD1,628,0.377245508982036,0.52663831915958,0.58244992061248,0.627813906953477,0.772463768115942,0.0294048262129164,4,2500,Pooled,esm2,t33_650M_UR50D_cdr3_embeddings_sample_2500,1808.0202,9.375,,,0.101175587793897
hb,13,LD1,628,0.379790940766551,0.52663831915958,0.580540270135067,0.625634812291056,0.755244755244755,0.0309990019258477,4,2500,Pooled,esm2,t33_650M_UR50D_cdr3_embeddings_sample_2500,1861.8414,9.375,,,0.0989964931314762
hb,14,LD1,628,0.39020979020979,0.526763381690846,0.580540270135067,0.625312656328164,0.768817204301075,0.032593177638779,4,2500,Pooled,esm2,t33_650M_UR50D_cdr3_embeddings_sample_2500,1899,9.375,,,0.0985492746373187
hb,0,LD1,625,0.470588235294118,0.777777777777778,0.981481481481481,1,1,0.353799277647367,11,2500,Unpooled,antiberta2-cssp,cdr3_embeddings_unpooled_sample_2500,19,66.6666666666667,,,0.222222222222222
hb,1,LD1,625,0.444444444444444,0.769230769230769,0.931034482758621,1,1,0.374520080756633,11,2500,Unpooled,antiberta2-cssp,cdr3_embeddings_unpooled_sample_2500,29.0408,66.6666666666667,,,0.230769230769231
hb,2,LD1,625,0.333333333333333,0.727272727272727,0.9,0.991803278688525,1,0.395240883865899,11,2500,Unpooled,antiberta2-cssp,cdr3_embeddings_unpooled_sample_2500,43.658,66.6666666666667,,,0.264530551415797
hb,3,LD1,625,0.260869565217391,0.688888888888889,0.863636363636364,0.976047904191617,1,0.415961686975165,11,2500,Unpooled,antiberta2-cssp,cdr3_embeddings_unpooled_sample_2500,64.9856,66.6666666666667,,,0.287159015302728
hb,4,LD1,625,0.25,0.672131147540984,0.829787234042553,0.956521739130435,1,0.436682490084431,11,2500,Unpooled,antiberta2-cssp,cdr3_embeddings_unpooled_sample_2500,95.9188,66.6666666666667,,,0.284390591589451
hb,5,LD1,625,0.176470588235294,0.635135135135135,0.791304347826087,0.941176470588235,1,0.457403293193698,11,2500,Unpooled,antiberta2-cssp,cdr3_embeddings_unpooled_sample_2500,141.0468,66.6666666666667,,,0.3060413354531
hb,6,LD1,625,0.185897435897436,0.6171875,0.753086419753086,0.909677419354839,1,0.478124096302964,11,2500,Unpooled,antiberta2-cssp,cdr3_embeddings_unpooled_sample_2500,206.098,66.6666666666667,,,0.292489919354839
hb,7,LD1,625,0.182795698924731,0.593639575971731,0.722741433021807,0.877510040160643,0.993485342019544,0.498844899412229,11,2500,Unpooled,antiberta2-cssp,cdr3_embeddings_unpooled_sample_2500,299.0092,66.6666666666667,,,0.283870464188911
hb,8,LD1,625,0.158415841584158,0.568493150684932,0.692307692307692,0.847649918962723,0.986111111111111,0.519565702521495,11,2500,Unpooled,antiberta2-cssp,cdr3_embeddings_unpooled_sample_2500,430.454,66.6666666666667,,,0.279156768277791
hb,9,LD1,625,0.230555555555556,0.548812664907652,0.664015904572565,0.800232288037166,0.974554707379135,0.540286505630761,11,2500,Unpooled,antiberta2-cssp,cdr3_embeddings_unpooled_sample_2500,613.8056,66.6666666666667,,,0.251419623129514
hb,10,LD1,625,0.232142857142857,0.53971119133574,0.637044967880086,0.762528912875867,0.965648854961832,0.561007308740027,11,2500,Unpooled,antiberta2-cssp,cdr3_embeddings_unpooled_sample_2500,861.3212,66.6666666666667,,,0.222817721540127
hb,11,LD1,625,0.247474747474748,0.524498886414254,0.613572630398205,0.719928186714542,0.945182724252492,0.581728111849293,11,2500,Unpooled,antiberta2-cssp,cdr3_embeddings_unpooled_sample_2500,1177.3172,66.6666666666667,,,0.195429300300288
hb,12,LD1,625,0.293367346938776,0.518375241779497,0.596298149074537,0.675881792183032,0.898803046789989,0.60244891495856,11,2500,Unpooled,antiberta2-cssp,cdr3_embeddings_unpooled_sample_2500,1511.0796,66.6666666666667,,,0.157506550403534
hb,13,LD1,625,0.307826086956522,0.515257628814407,0.588794397198599,0.65702947845805,0.86058981233244,0.623169718067826,11,2500,Unpooled,antiberta2-cssp,cdr3_embeddings_unpooled_sample_2500,1763.5488,66.6666666666667,,,0.141771849643643
hb,14,LD1,625,0.318002628120894,0.51375687843922,0.582291145572786,0.651325662831416,0.838954468802698,0.643890521177092,11,2500,Unpooled,antiberta2-cssp,cdr3_embeddings_unpooled_sample_2500,1899,66.6666666666667,,,0.137568784392196
hb,0,LD1,626,0.307692307692308,0.714285714285714,0.983182589033352,1,1,0.0394321706870274,32,2500,Unpooled,esm2,t33_650M_UR50D_cdr3_embeddings_unpooled_sample_2500,19,96.875,,,0.285714285714286
hb,1,LD1,626,0.28735632183908,0.714285714285714,0.936141304347826,1,1,0.0433461890167189,32,2500,Unpooled,esm2,t33_650M_UR50D_cdr3_embeddings_unpooled_sample_2500,35.1432,96.875,,,0.285714285714286
hb,2,LD1,626,0.262857142857143,0.681998556998557,0.88580476900149,0.985477289809943,1,0.0472602073464105,32,2500,Unpooled,esm2,t33_650M_UR50D_cdr3_embeddings_unpooled_sample_2500,63.0816,96.875,,,0.303478732811386
hb,3,LD1,626,0.217391304347826,0.664245359160613,0.842621259029928,0.968625992063492,1,0.0511742256761021,32,2500,Unpooled,esm2,t33_650M_UR50D_cdr3_embeddings_unpooled_sample_2500,109.2404,96.875,,,0.304380632902879
hb,4,LD1,626,0.1875,0.631035232709874,0.804212235871387,0.937302215189873,1,0.0550882440057936,32,2500,Unpooled,esm2,t33_650M_UR50D_cdr3_embeddings_unpooled_sample_2500,183.7532,96.875,,,0.30626698248
hb,5,LD1,626,0.15,0.596359455081714,0.754855655862367,0.895235241234642,1,0.0590022623354852,32,2500,Unpooled,esm2,t33_650M_UR50D_cdr3_embeddings_unpooled_sample_2500,298.8216,96.875,,,0.298875786152928
hb,6,LD1,626,0.178571428571429,0.571475502158814,0.705755029284441,0.838499985940444,1,0.0629162806651768,32,2500,Unpooled,esm2,t33_650M_UR50D_cdr3_embeddings_unpooled_sample_2500,468.1476,96.875,,,0.26702448378163
hb,7,LD1,626,0.192307692307692,0.549664019702451,0.67600270201807,0.791833811477094,1,0.0668302989948684,32,2500,Unpooled,esm2,t33_650M_UR50D_cdr3_embeddings_unpooled_sample_2500,702.6434,96.875,,,0.242169791774643
hb,8,LD1,626,0.24,0.535487453325294,0.637542869786481,0.736743216046202,1,0.0707443173245599,32,2500,Unpooled,esm2,t33_650M_UR50D_cdr3_embeddings_unpooled_sample_2500,990.8088,96.875,,,0.201255762720908
hb,9,LD1,626,0.256756756756757,0.518097699677784,0.620305453478619,0.694690369121229,0.957264957264957,0.0746583356542515,32,2500,Unpooled,esm2,t33_650M_UR50D_cdr3_embeddings_unpooled_sample_2500,1274.2506,96.875,,,0.176592669443445
hb,10,LD1,626,0.28,0.512256128064032,0.603833317624996,0.670710355177589,0.907506702412869,0.0785723539839431,32,2500,Unpooled,esm2,t33_650M_UR50D_cdr3_embeddings_unpooled_sample_2500,1500.6218,96.875,,,0.158454227113557
hb,11,LD1,626,0.297752808988764,0.51053403270673,0.594047023511756,0.654202101050525,0.851219512195122,0.0824863723136346,32,2500,Unpooled,esm2,t33_650M_UR50D_cdr3_embeddings_unpooled_sample_2500,1661.4,96.875,,,0.143668068343795
hb,12,LD1,626,0.306569343065693,0.509254627313657,0.593046523261631,0.647823911955978,0.817054263565892,0.0864003906433262,32,2500,Unpooled,esm2,t33_650M_UR50D_cdr3_embeddings_unpooled_sample_2500,1771.6246,96.875,,,0.138569284642321
hb,13,LD1,626,0.309562398703404,0.509326220614175,0.592546273136568,0.64689846257886,0.807453416149068,0.0903144089730178,32,2500,Unpooled,esm2,t33_650M_UR50D_cdr3_embeddings_unpooled_sample_2500,1847.325,96.875,,,0.137572241964685
hb,14,LD1,626,0.324410452517527,0.509379689844923,0.590545272636318,0.642821410705353,0.75087543771886,0.0942284273027093,32,2500,Unpooled,esm2,t33_650M_UR50D_cdr3_embeddings_unpooled_sample_2500,1899,96.875,,,0.13344172086043
hb,0,LD1,6328,0.526315789473684,0.8,1,1,1,0.0399602300532511,1,25000,Att_mat,antiberta2-cssp,cdr3_attention_matrices_average_layers_sample_25000,19,0,,,0.2
hb,1,LD1,6328,0.523809523809524,0.8,1,1,1,0.0444096460566187,1,25000,Att_mat,antiberta2-cssp,cdr3_attention_matrices_average_layers_sample_25000,33.20972,0,,,0.2
hb,2,LD1,6328,0.391304347826087,0.75609756097561,0.95,1,1,0.0488590620599863,1,25000,Att_mat,antiberta2-cssp,cdr3_attention_matrices_average_layers_sample_25000,56.15664,0,,,0.24390243902439
hb,3,LD1,6328,0.319148936170213,0.727272727272727,0.911764705882353,1,1,0.0533084780633539,1,25000,Att_mat,antiberta2-cssp,cdr3_attention_matrices_average_layers_sample_25000,92.2716,0,,,0.272727272727273
hb,4,LD1,6328,0.242307692307692,0.686086143451771,0.872782446311858,0.984615384615385,1,0.0577578940667215,1,25000,Att_mat,antiberta2-cssp,cdr3_attention_matrices_average_layers_sample_25000,147.93176,0,,,0.298529241163614
hb,5,LD1,6328,0.194029850746269,0.653846153846154,0.834746676248652,0.96284817875727,1,0.0622073100700891,1,25000,Att_mat,antiberta2-cssp,cdr3_attention_matrices_average_layers_sample_25000,231.90434,0,,,0.309002024911116
hb,6,LD1,6328,0.138562091503268,0.617753110859729,0.79750233426704,0.938797789858301,1,0.0666567260734567,1,25000,Att_mat,antiberta2-cssp,cdr3_attention_matrices_average_layers_sample_25000,355.28854,0,,,0.321044678998573
hb,7,LD1,6328,0.0882352941176471,0.583662575350425,0.762175453021726,0.915144331823065,1,0.0711061420768243,1,25000,Att_mat,antiberta2-cssp,cdr3_attention_matrices_average_layers_sample_25000,529.62514,0,,,0.33148175647264
hb,8,LD1,6328,0.0714285714285714,0.555249822809829,0.725631593954947,0.886201320389214,1,0.0755555580801919,1,25000,Att_mat,antiberta2-cssp,cdr3_attention_matrices_average_layers_sample_25000,759.96802,0,,,0.330951497579385
hb,9,LD1,6328,0.059748427672956,0.533923817099173,0.695794632172773,0.853204710482219,1,0.0800049740835596,1,25000,Att_mat,antiberta2-cssp,cdr3_attention_matrices_average_layers_sample_25000,1032.76856,0,,,0.319280893383047
hb,10,LD1,6328,0.0697674418604651,0.517777613156784,0.674705859991257,0.822816471526903,1,0.0844543900869271,1,25000,Att_mat,antiberta2-cssp,cdr3_attention_matrices_average_layers_sample_25000,1305.80668,0,,,0.305038858370119
hb,11,LD1,6328,0.0825412706353177,0.508205424440138,0.65460756504586,0.796905918829722,1,0.0889038060902947,1,25000,Att_mat,antiberta2-cssp,cdr3_attention_matrices_average_layers_sample_25000,1534.69442,0,,,0.288700494389584
hb,12,LD1,6328,0.0945472736368184,0.501452473957343,0.642805165715618,0.778590115650853,0.998999499749875,0.0933532220936623,1,25000,Att_mat,antiberta2-cssp,cdr3_attention_matrices_average_layers_sample_25000,1703.92954,0,,,0.27713764169351
hb,13,LD1,6328,0.0945472736368184,0.496248124062031,0.635817908954477,0.768925799541428,0.998999499749875,0.0978026380970299,1,25000,Att_mat,antiberta2-cssp,cdr3_attention_matrices_average_layers_sample_25000,1820.72926,0,,,0.272677675479397
hb,14,LD1,6328,0.0945472736368184,0.492746373186593,0.630637386372576,0.762006003001501,0.998999499749875,0.102252054100398,1,25000,Att_mat,antiberta2-cssp,cdr3_attention_matrices_average_layers_sample_25000,1899,0,,,0.269259629814908
hb,0,LD1,6636,0,0,1,1,1,0.0025278265305214,5,25000,Att_mat,esm2,t33_650M_UR50D_cdr3_attention_matrices_average_layers_sample_25000,19,12.5,,,1
hb,1,LD1,6636,0,0.4,0.958333333333333,1,1,0.00291336283880631,5,25000,Att_mat,esm2,t33_650M_UR50D_cdr3_attention_matrices_average_layers_sample_25000,38.677,12.5,,,0.6
hb,2,LD1,6636,0,0.571428571428571,0.909090909090909,1,1,0.00329889914709123,5,25000,Att_mat,esm2,t33_650M_UR50D_cdr3_attention_matrices_average_layers_sample_25000,75.69252,12.5,,,0.428571428571429
hb,3,LD1,6636,0,0.591488058787508,0.863636363636364,1,1,0.00368443545537614,5,25000,Att_mat,esm2,t33_650M_UR50D_cdr3_attention_matrices_average_layers_sample_25000,143.25436,12.5,,,0.408511941212492
hb,4,LD1,6636,0.0147058823529412,0.580645161290323,0.82051282051282,0.966666666666667,1,0.00406997176366105,5,25000,Att_mat,esm2,t33_650M_UR50D_cdr3_attention_matrices_average_layers_sample_25000,261.6294,12.5,,,0.386021505376344
hb,5,LD1,6636,0.008,0.555710450227179,0.776046560796843,0.923076923076923,1,0.00445550807194597,5,25000,Att_mat,esm2,t33_650M_UR50D_cdr3_attention_matrices_average_layers_sample_25000,452.33834,12.5,,,0.367366472849744
hb,6,LD1,6636,0.0217391304347826,0.534506974506975,0.734205331326294,0.880597014925373,1,0.00484104438023088,5,25000,Att_mat,esm2,t33_650M_UR50D_cdr3_attention_matrices_average_layers_sample_25000,712.1948,12.5,,,0.346090040418399
hb,7,LD1,6636,0.0428816466552316,0.51722849337663,0.69590661641541,0.84,1,0.0052265806885158,5,25000,Att_mat,esm2,t33_650M_UR50D_cdr3_attention_matrices_average_layers_sample_25000,995.84122,12.5,,,0.32277150662337
hb,8,LD1,6636,0.0540540540540541,0.5,0.66675004168751,0.806908358025167,1,0.00561211699680071,5,25000,Att_mat,esm2,t33_650M_UR50D_cdr3_attention_matrices_average_layers_sample_25000,1254.52368,12.5,,,0.306908358025166
hb,9,LD1,6636,0.0561797752808989,0.489783156884565,0.648204953419677,0.779951463158165,1,0.00599765330508562,5,25000,Att_mat,esm2,t33_650M_UR50D_cdr3_attention_matrices_average_layers_sample_25000,1462.82156,12.5,,,0.2901683062736
hb,10,LD1,6636,0.0686274509803922,0.48373663575974,0.633816908454227,0.761380690345173,1,0.00638318961337054,5,25000,Att_mat,esm2,t33_650M_UR50D_cdr3_attention_matrices_average_layers_sample_25000,1618.31112,12.5,,,0.277644054585432
hb,11,LD1,6636,0.0785714285714286,0.48024012006003,0.624812406203102,0.748762951812298,1,0.00676872592165545,5,25000,Att_mat,esm2,t33_650M_UR50D_cdr3_attention_matrices_average_layers_sample_25000,1729.96308,12.5,,,0.268522831752268
hb,12,LD1,6636,0.0888888888888889,0.478114057028514,0.617867574556752,0.739263702462943,1,0.00715426222994036,5,25000,Att_mat,esm2,t33_650M_UR50D_cdr3_attention_matrices_average_layers_sample_25000,1808.29092,12.5,,,0.261149645434429
hb,13,LD1,6636,0.0939323220536756,0.47623811905953,0.615307653826914,0.731929358697554,1,0.00753979853822528,5,25000,Att_mat,esm2,t33_650M_UR50D_cdr3_attention_matrices_average_layers_sample_25000,1861.89342,12.5,,,0.255691239638024
hb,14,LD1,6636,0.105052526263132,0.47623811905953,0.612306153076538,0.728364182091046,1,0.00792533484651019,5,25000,Att_mat,esm2,t33_650M_UR50D_cdr3_attention_matrices_average_layers_sample_25000,1899,12.5,,,0.252126063031516
hb,0,LD1,6251,0.588235294117647,0.833333333333333,1,1,1,0.0950034312833931,7,25000,Pooled,antiberta2-cssp,cdr3_embeddings_sample_25000,19,40,,,0.166666666666667
hb,1,LD1,6251,0.567567567567568,0.826086956521739,1,1,1,0.103467275350364,7,25000,Pooled,antiberta2-cssp,cdr3_embeddings_sample_25000,31.96124,40,,,0.173913043478261
hb,2,LD1,6251,0.476190476190476,0.79030682040258,0.943396226415094,1,1,0.111931119417335,7,25000,Pooled,antiberta2-cssp,cdr3_embeddings_sample_25000,52.89044,40,,,0.20969317959742
hb,3,LD1,6251,0.395833333333333,0.748684210526316,0.903225806451613,0.984848484848485,1,0.120394963484306,7,25000,Pooled,antiberta2-cssp,cdr3_embeddings_sample_25000,86.39736,40,,,0.236164274322169
hb,4,LD1,6251,0.342465753424658,0.711864406779661,0.868965517241379,0.959370228220049,1,0.128858807551276,7,25000,Pooled,antiberta2-cssp,cdr3_embeddings_sample_25000,138.96036,40,,,0.247505821440388
hb,5,LD1,6251,0.292682926829268,0.677037282640731,0.837037037037037,0.933892896781354,1,0.137322651618247,7,25000,Pooled,antiberta2-cssp,cdr3_embeddings_sample_25000,220.07372,40,,,0.256855614140623
hb,6,LD1,6251,0.251336898395722,0.64449710373881,0.80952380952381,0.907407407407407,1,0.145786495685218,7,25000,Pooled,antiberta2-cssp,cdr3_embeddings_sample_25000,342.33096,40,,,0.262910303668598
hb,7,LD1,6251,0.23030303030303,0.620239396711363,0.779220779220779,0.880242496521566,1,0.154250339752189,7,25000,Pooled,antiberta2-cssp,cdr3_embeddings_sample_25000,518.74258,40,,,0.260003099810203
hb,8,LD1,6251,0.21551724137931,0.599373676781934,0.754587155963303,0.856198220648349,1,0.16271418381916,7,25000,Pooled,antiberta2-cssp,cdr3_embeddings_sample_25000,752.26412,40,,,0.256824543866415
hb,9,LD1,6251,0.206936416184971,0.584128605485745,0.734096692111959,0.83579082226881,1,0.171178027886131,7,25000,Pooled,antiberta2-cssp,cdr3_embeddings_sample_25000,1024.66212,40,,,0.251662216783065
hb,10,LD1,6251,0.200868621064061,0.572786393196598,0.718799368088468,0.821213022542575,1,0.179641871953101,7,25000,Pooled,antiberta2-cssp,cdr3_embeddings_sample_25000,1298.98684,40,,,0.248426629345977
hb,11,LD1,6251,0.193370165745856,0.562781390695348,0.705752212389381,0.809464255937493,1,0.188105716020072,7,25000,Pooled,antiberta2-cssp,cdr3_embeddings_sample_25000,1535.27398,40,,,0.246682865242145
hb,12,LD1,6251,0.194597298649325,0.557836813143414,0.69732246798603,0.801140046812954,0.997498749374687,0.196569560087043,7,25000,Pooled,antiberta2-cssp,cdr3_embeddings_sample_25000,1711.45832,40,,,0.24330323366954
hb,13,LD1,6251,0.19159579789895,0.554277138569285,0.693346673336668,0.79639819909955,0.997498749374687,0.205033404154014,7,25000,Pooled,antiberta2-cssp,cdr3_embeddings_sample_25000,1827.28186,40,,,0.242121060530265
hb,14,LD1,6251,0.189845474613687,0.551775887943972,0.691345672836418,0.793983070612736,0.997498749374687,0.213497248220985,7,25000,Pooled,antiberta2-cssp,cdr3_embeddings_sample_25000,1899,40,,,0.242207182668764
hb,0,LD1,6910,0,0.5,1,1,1,0.0116087087918432,7,25000,Pooled,esm2,t33_650M_UR50D_cdr3_embeddings_sample_25000,19,18.75,,,0.5
hb,1,LD1,6910,0.1,0.63699494949495,0.941176470588235,1,1,0.0129443836040626,7,25000,Pooled,esm2,t33_650M_UR50D_cdr3_embeddings_sample_25000,35.30984,18.75,,,0.363005050505051
hb,2,LD1,6910,0.120481927710843,0.647058823529412,0.888888888888889,1,1,0.014280058416282,7,25000,Pooled,esm2,t33_650M_UR50D_cdr3_embeddings_sample_25000,63.99704,18.75,,,0.352941176470588
hb,3,LD1,6910,0.0909090909090909,0.625,0.849185836133368,0.982102638352638,1,0.0156157332285014,7,25000,Pooled,esm2,t33_650M_UR50D_cdr3_embeddings_sample_25000,113.1624,18.75,,,0.357102638352638
hb,4,LD1,6910,0.0920353982300885,0.600730917366947,0.811308691308691,0.94,1,0.0169514080407208,7,25000,Pooled,esm2,t33_650M_UR50D_cdr3_embeddings_sample_25000,194.52836,18.75,,,0.339269082633053
hb,5,LD1,6910,0.08,0.575175602141913,0.775073964497041,0.906666666666667,1,0.0182870828529402,7,25000,Pooled,esm2,t33_650M_UR50D_cdr3_embeddings_sample_25000,324.39626,18.75,,,0.331491064524754
hb,6,LD1,6910,0.0742857142857143,0.555555555555556,0.745033015764723,0.87670654387264,1,0.0196227576651596,7,25000,Pooled,esm2,t33_650M_UR50D_cdr3_embeddings_sample_25000,516.08172,18.75,,,0.321150988317084
hb,7,LD1,6910,0.09375,0.544231299323131,0.719168844067969,0.84702881152461,1,0.0209584324773791,7,25000,Pooled,esm2,t33_650M_UR50D_cdr3_embeddings_sample_25000,762.25868,18.75,,,0.302797512201479
hb,8,LD1,6910,0.103671706263499,0.532141192741923,0.695087847521894,0.818407387713227,1,0.0222941072895985,7,25000,Pooled,esm2,t33_650M_UR50D_cdr3_embeddings_sample_25000,1031.74456,18.75,,,0.286266194971304
hb,9,LD1,6910,0.117029257314329,0.523647046963617,0.679169499127485,0.797928345616107,1,0.0236297821018179,7,25000,Pooled,esm2,t33_650M_UR50D_cdr3_embeddings_sample_25000,1285.33288,18.75,,,0.27428129865249
hb,10,LD1,6910,0.132427843803056,0.520570745854842,0.665832916458229,0.780386104267087,1,0.0249654569140373,7,25000,Pooled,esm2,t33_650M_UR50D_cdr3_embeddings_sample_25000,1497.49888,18.75,,,0.259815358412245
hb,11,LD1,6910,0.142857142857143,0.51775887943972,0.659329664832416,0.767727517139401,1,0.0263011317262567,7,25000,Pooled,esm2,t33_650M_UR50D_cdr3_embeddings_sample_25000,1659.08854,18.75,,,0.249968637699681
hb,12,LD1,6910,0.152671755725191,0.515068909004322,0.654827413706853,0.758018121964208,1,0.0276368065384761,7,25000,Pooled,esm2,t33_650M_UR50D_cdr3_embeddings_sample_25000,1772.8181,18.75,,,0.242949212959886
hb,13,LD1,6910,0.159579789894947,0.515257628814407,0.651825912956478,0.752376188094047,1,0.0289724813506955,7,25000,Pooled,esm2,t33_650M_UR50D_cdr3_embeddings_sample_25000,1849.02598,18.75,,,0.23711855927964
hb,14,LD1,6910,0.165099882491187,0.514757378689345,0.649824912456228,0.748374187093547,1,0.0303081561629149,7,25000,Pooled,esm2,t33_650M_UR50D_cdr3_embeddings_sample_25000,1899,18.75,,,0.233616808404202
hb,0,LD1,6364,0.823529411764706,0.928571428571429,1,1,1,0.212826632760808,8,25000,Unpooled,antiberta2-cssp,cdr3_embeddings_unpooled_sample_25000,19,46.6666666666667,,,0.0714285714285714
hb,1,LD1,6364,0.741935483870968,0.894736842105263,1,1,1,0.231892104030934,8,25000,Unpooled,antiberta2-cssp,cdr3_embeddings_unpooled_sample_25000,31.8754,46.6666666666667,,,0.105263157894737
hb,2,LD1,6364,0.675675675675676,0.866666666666667,1,1,1,0.250957575301061,8,25000,Unpooled,antiberta2-cssp,cdr3_embeddings_unpooled_sample_25000,53.5788,46.6666666666667,,,0.133333333333333
hb,3,LD1,6364,0.586206896551724,0.833333333333333,0.963768115942029,1,1,0.270023046571187,8,25000,Unpooled,antiberta2-cssp,cdr3_embeddings_unpooled_sample_25000,86.12124,46.6666666666667,,,0.166666666666667
hb,4,LD1,6364,0.505190311418685,0.8,0.936708860759494,1,1,0.289088517841314,8,25000,Unpooled,antiberta2-cssp,cdr3_embeddings_unpooled_sample_25000,134.64436,46.6666666666667,,,0.2
hb,5,LD1,6364,0.425531914893617,0.761605545617174,0.90625,0.986111111111111,1,0.308153989111441,8,25000,Unpooled,antiberta2-cssp,cdr3_embeddings_unpooled_sample_25000,209.22658,46.6666666666667,,,0.224505565493938
hb,6,LD1,6364,0.361290322580645,0.727272727272727,0.874232666741988,0.971698113207547,1,0.327219460381567,8,25000,Unpooled,antiberta2-cssp,cdr3_embeddings_unpooled_sample_25000,320.74976,46.6666666666667,,,0.24442538593482
hb,7,LD1,6364,0.291970802919708,0.690290252278431,0.844476145189412,0.956124347590793,1,0.346284931651694,8,25000,Unpooled,antiberta2-cssp,cdr3_embeddings_unpooled_sample_25000,476.37066,46.6666666666667,,,0.265834095312362
hb,8,LD1,6364,0.25,0.65858087757633,0.810505093378608,0.931487823439878,1,0.36535040292182,8,25000,Unpooled,antiberta2-cssp,cdr3_embeddings_unpooled_sample_25000,681.28412,46.6666666666667,,,0.272906945863548
hb,9,LD1,6364,0.217391304347826,0.629962686567164,0.7804412337925,0.905550636232454,1,0.384415874191947,8,25000,Unpooled,antiberta2-cssp,cdr3_embeddings_unpooled_sample_25000,938.65438,46.6666666666667,,,0.27558794966529
hb,10,LD1,6364,0.196969696969697,0.605501723762728,0.750210797513121,0.878939469734868,1,0.403481345462073,8,25000,Unpooled,antiberta2-cssp,cdr3_embeddings_unpooled_sample_25000,1227.65456,46.6666666666667,,,0.27343774597214
hb,11,LD1,6364,0.184592296148074,0.587059641065926,0.725325034189475,0.855450911575662,1,0.4225468167322,8,25000,Unpooled,antiberta2-cssp,cdr3_embeddings_unpooled_sample_25000,1492.69018,46.6666666666667,,,0.268391270509736
hb,12,LD1,6364,0.183591795897949,0.57675187958943,0.711254885985869,0.838919459729865,1,0.441612288002327,8,25000,Unpooled,antiberta2-cssp,cdr3_embeddings_unpooled_sample_25000,1693.54244,46.6666666666667,,,0.262167580140435
hb,13,LD1,6364,0.180695847362514,0.569784892446223,0.702685867688063,0.829914957478739,1,0.460677759272453,8,25000,Unpooled,antiberta2-cssp,cdr3_embeddings_unpooled_sample_25000,1821.83818,46.6666666666667,,,0.260130065032516
hb,14,LD1,6364,0.173586793396698,0.565782891445723,0.699099549774888,0.827413706853427,1,0.47974323054258,8,25000,Unpooled,antiberta2-cssp,cdr3_embeddings_unpooled_sample_25000,1899,46.6666666666667,,,0.261630815407704
hb,0,LD1,6468,0.666666666666667,0.863636363636364,1,1,1,0.0349393787466261,5,25000,Unpooled,esm2,t33_650M_UR50D_cdr3_embeddings_unpooled_sample_25000,19,12.5,,,0.136363636363636
hb,1,LD1,6468,0.642857142857143,0.857142857142857,1,1,1,0.0391348030103619,5,25000,Unpooled,esm2,t33_650M_UR50D_cdr3_embeddings_unpooled_sample_25000,34.66952,12.5,,,0.142857142857143
hb,2,LD1,6468,0.586666666666667,0.833333333333333,0.983050847457627,1,1,0.0433302272740978,5,25000,Unpooled,esm2,t33_650M_UR50D_cdr3_embeddings_unpooled_sample_25000,61.48432,12.5,,,0.166666666666667
hb,3,LD1,6468,0.505747126436782,0.8,0.951612903225806,1,1,0.0475256515378336,5,25000,Unpooled,esm2,t33_650M_UR50D_cdr3_embeddings_unpooled_sample_25000,106.40436,12.5,,,0.2
hb,4,LD1,6468,0.411764705882353,0.764705882352941,0.923076923076923,1,1,0.0517210758015694,5,25000,Unpooled,esm2,t33_650M_UR50D_cdr3_embeddings_unpooled_sample_25000,180.4254,12.5,,,0.235294117647059
hb,5,LD1,6468,0.344383057090239,0.726411774116142,0.888061650992686,0.981838749485808,1,0.0559165000653053,5,25000,Unpooled,esm2,t33_650M_UR50D_cdr3_embeddings_unpooled_sample_25000,299.66452,12.5,,,0.255426975369667
hb,6,LD1,6468,0.284876905041032,0.691081433815556,0.856323433420366,0.962328767123288,1,0.0601119243290411,5,25000,Unpooled,esm2,t33_650M_UR50D_cdr3_embeddings_unpooled_sample_25000,481.80946,12.5,,,0.271247333307731
hb,7,LD1,6468,0.241379310344828,0.66073807409287,0.823529411764706,0.94055392025689,1,0.0643073485927769,5,25000,Unpooled,esm2,t33_650M_UR50D_cdr3_embeddings_unpooled_sample_25000,727.2826,12.5,,,0.279815846164021
hb,8,LD1,6468,0.204419889502762,0.631252745873345,0.791639362166885,0.917013500423101,1,0.0685027728565128,5,25000,Unpooled,esm2,t33_650M_UR50D_cdr3_embeddings_unpooled_sample_25000,1004.51424,12.5,,,0.285760754549757
hb,9,LD1,6468,0.184615384615385,0.608584669564881,0.763381690845423,0.891239254123982,1,0.0726981971202486,5,25000,Unpooled,esm2,t33_650M_UR50D_cdr3_embeddings_unpooled_sample_25000,1266.0549,12.5,,,0.282654584559101
hb,10,LD1,6468,0.187093546773387,0.595797898949475,0.743330138223474,0.868434217108554,1,0.0768936213839844,5,25000,Unpooled,esm2,t33_650M_UR50D_cdr3_embeddings_unpooled_sample_25000,1480.14624,12.5,,,0.27263631815908
hb,11,LD1,6468,0.190283400809717,0.586293146573287,0.727964523196001,0.851425712856428,1,0.0810890456477203,5,25000,Unpooled,esm2,t33_650M_UR50D_cdr3_embeddings_unpooled_sample_25000,1640.86814,12.5,,,0.265132566283142
hb,12,LD1,6468,0.190595297648824,0.579789894947474,0.717084342633851,0.839620941959968,1,0.0852844699114561,5,25000,Unpooled,esm2,t33_650M_UR50D_cdr3_embeddings_unpooled_sample_25000,1756.35486,12.5,,,0.259831047012494
hb,13,LD1,6468,0.192307692307692,0.57616308154077,0.712356178089045,0.832416208104052,1,0.0894798941751919,5,25000,Unpooled,esm2,t33_650M_UR50D_cdr3_embeddings_unpooled_sample_25000,1838.65924,12.5,,,0.256253126563282
hb,14,LD1,6468,0.194103194103194,0.574787393696848,0.708354177088544,0.828914457228614,1,0.0936753184389278,5,25000,Unpooled,esm2,t33_650M_UR50D_cdr3_embeddings_unpooled_sample_25000,1899,12.5,,,0.254127063531766
hb,0,LD1,1261,0.375,0.75,0.96969696969697,1,1,0.0535722726854584,1,5000,Att_mat,antiberta2-cssp,cdr3_attention_matrices_average_layers_sample_5000,19,0,,,0.25
hb,1,LD1,1261,0.2875,0.714285714285714,0.916666666666667,1,1,0.0585342667630064,1,5000,Att_mat,antiberta2-cssp,cdr3_attention_matrices_average_layers_sample_5000,32.1064,0,,,0.285714285714286
hb,2,LD1,1261,0.210526315789474,0.673076923076923,0.863636363636364,0.981481481481481,1,0.0634962608405545,1,5000,Att_mat,antiberta2-cssp,cdr3_attention_matrices_average_layers_sample_5000,52.964,0,,,0.308404558404558
hb,3,LD1,1261,0.142857142857143,0.633333333333333,0.825,0.961165048543689,1,0.0684582549181026,1,5000,Att_mat,antiberta2-cssp,cdr3_attention_matrices_average_layers_sample_5000,85.2252,0,,,0.327831715210356
hb,4,LD1,1261,0.115384615384615,0.605769230769231,0.787878787878788,0.9375,1,0.0734202489956507,1,5000,Att_mat,antiberta2-cssp,cdr3_attention_matrices_average_layers_sample_5000,134.6054,0,,,0.331730769230769
hb,5,LD1,1261,0.108910891089109,0.582089552238806,0.746478873239437,0.903225806451613,1,0.0783822430731987,1,5000,Att_mat,antiberta2-cssp,cdr3_attention_matrices_average_layers_sample_5000,208.512,0,,,0.321136254212807
hb,6,LD1,1261,0.0833333333333333,0.556701030927835,0.707317073170732,0.87463556851312,1,0.0833442371507468,1,5000,Att_mat,antiberta2-cssp,cdr3_attention_matrices_average_layers_sample_5000,316.0994,0,,,0.317934537585284
hb,7,LD1,1261,0.0930232558139535,0.530381944444445,0.676202860858257,0.833333333333333,1,0.0883062312282949,1,5000,Att_mat,antiberta2-cssp,cdr3_attention_matrices_average_layers_sample_5000,470.106,0,,,0.302951388888889
hb,8,LD1,1261,0.130434782608696,0.51219512195122,0.64859437751004,0.790798611111111,0.994505494505495,0.0932682253058429,1,5000,Att_mat,antiberta2-cssp,cdr3_attention_matrices_average_layers_sample_5000,680.7238,0,,,0.278603489159892
hb,9,LD1,1261,0.130952380952381,0.502252252252252,0.623733719247468,0.750889679715303,0.992826398852224,0.098230219383391,1,5000,Att_mat,antiberta2-cssp,cdr3_attention_matrices_average_layers_sample_5000,944.882,0,,,0.24863742746305
hb,10,LD1,1261,0.16,0.492537313432836,0.601800900450225,0.7166392092257,0.983510011778563,0.103192213460939,1,5000,Att_mat,antiberta2-cssp,cdr3_attention_matrices_average_layers_sample_5000,1231.2075,0,,,0.224101895792864
hb,11,LD1,1261,0.180576631259484,0.484169884169884,0.586012861736334,0.688344172086043,0.971456692913386,0.108154207538487,1,5000,Att_mat,antiberta2-cssp,cdr3_attention_matrices_average_layers_sample_5000,1490.1588,0,,,0.204174287916159
hb,12,LD1,1261,0.197604790419162,0.478739369684842,0.574380165289256,0.666833416708354,0.947755102040816,0.113116201616035,1,5000,Att_mat,antiberta2-cssp,cdr3_attention_matrices_average_layers_sample_5000,1686.4905,0,,,0.188094047023512
hb,13,LD1,1261,0.212513484358145,0.477238619309655,0.568983957219251,0.655827913956979,0.91157440690151,0.118078195693583,1,5000,Att_mat,antiberta2-cssp,cdr3_attention_matrices_average_layers_sample_5000,1816.972,0,,,0.178589294647324
hb,14,LD1,1261,0.216444981862152,0.475737868934467,0.565782891445723,0.651362260343088,0.901438848920863,0.123040189771131,1,5000,Att_mat,antiberta2-cssp,cdr3_attention_matrices_average_layers_sample_5000,1899,0,,,0.175624391408621
hb,0,LD1,1314,0,0.5,0.906926406926407,1,1,0.00343134923385503,5,5000,Att_mat,esm2,t33_650M_UR50D_cdr3_attention_matrices_average_layers_sample_5000,19,12.5,,,0.5
hb,1,LD1,1314,0,0.571428571428571,0.846153846153846,1,1,0.00387856564772374,5,5000,Att_mat,esm2,t33_650M_UR50D_cdr3_attention_matrices_average_layers_sample_5000,39.0534,12.5,,,0.428571428571429
hb,2,LD1,1314,0,0.571829855537721,0.8,0.962082728592163,1,0.00432578206159246,5,5000,Att_mat,esm2,t33_650M_UR50D_cdr3_attention_matrices_average_layers_sample_5000,76.7518,12.5,,,0.390252873054442
hb,3,LD1,1314,0.0869565217391304,0.568233618233618,0.763367156761234,0.916432584269663,1,0.00477299847546117,5,5000,Att_mat,esm2,t33_650M_UR50D_cdr3_attention_matrices_average_layers_sample_5000,143.395,12.5,,,0.348198966036045
hb,4,LD1,1314,0.1,0.551782764761791,0.714285714285714,0.86239224137931,1,0.00522021488932989,5,5000,Att_mat,esm2,t33_650M_UR50D_cdr3_attention_matrices_average_layers_sample_5000,254.3159,12.5,,,0.31060947661752
hb,5,LD1,1314,0.131868131868132,0.536411901137929,0.67816091954023,0.809061004784689,1,0.0056674313031986,5,5000,Att_mat,esm2,t33_650M_UR50D_cdr3_attention_matrices_average_layers_sample_5000,424.5233,12.5,,,0.27264910364676
hb,6,LD1,1314,0.140845070422535,0.515522834990717,0.644376693766938,0.771231979030144,1,0.00611464771706731,5,5000,Att_mat,esm2,t33_650M_UR50D_cdr3_attention_matrices_average_layers_sample_5000,658.0666,12.5,,,0.255709144039427
hb,7,LD1,1314,0.15625,0.501161693286757,0.619682832511441,0.732331343412714,1,0.00656186413093603,5,5000,Att_mat,esm2,t33_650M_UR50D_cdr3_attention_matrices_average_layers_sample_5000,929.4443,12.5,,,0.231169650125957
hb,8,LD1,1314,0.196319018404908,0.495188717547179,0.600248138957816,0.698776664202196,1,0.00700908054480474,5,5000,Att_mat,esm2,t33_650M_UR50D_cdr3_attention_matrices_average_layers_sample_5000,1196.3488,12.5,,,0.203587946655017
hb,9,LD1,1314,0.207872078720787,0.488276114801587,0.588147073536768,0.675337668834417,0.950437317784256,0.00745629695867345,5,5000,Att_mat,esm2,t33_650M_UR50D_cdr3_attention_matrices_average_layers_sample_5000,1425.4821,12.5,,,0.18706155403283
hb,10,LD1,1314,0.230516817063167,0.48832594868863,0.580540270135067,0.660202694415244,0.915649278579356,0.00790351337254216,5,5000,Att_mat,esm2,t33_650M_UR50D_cdr3_attention_matrices_average_layers_sample_5000,1598.5642,12.5,,,0.171876745726614
hb,11,LD1,1314,0.254605263157895,0.488362508166576,0.577158954960639,0.64719859929965,0.882249560632689,0.00835072978641088,5,5000,Att_mat,esm2,t33_650M_UR50D_cdr3_attention_matrices_average_layers_sample_5000,1720.7987,12.5,,,0.158836091133073
hb,12,LD1,1314,0.261349693251534,0.488744372186093,0.571728160920189,0.643821910955478,0.866228070175439,0.00879794620027959,5,5000,Att_mat,esm2,t33_650M_UR50D_cdr3_attention_matrices_average_layers_sample_5000,1804.9152,12.5,,,0.155077538769385
hb,13,LD1,1314,0.265132566283142,0.488244122061031,0.569534767383692,0.637693846923462,0.842960288808664,0.00924516261414831,5,5000,Att_mat,esm2,t33_650M_UR50D_cdr3_attention_matrices_average_layers_sample_5000,1860.5319,12.5,,,0.149449724862431
hb,14,LD1,1314,0.267133566783392,0.488244122061031,0.568784392196098,0.636780473570118,0.838383838383838,0.00969237902801702,5,5000,Att_mat,esm2,t33_650M_UR50D_cdr3_attention_matrices_average_layers_sample_5000,1899,12.5,,,0.148536351509088
hb,0,LD1,1217,0.375,0.75,0.947368421052632,1,1,0.121840711943674,7,5000,Pooled,antiberta2-cssp,cdr3_embeddings_sample_5000,19,40,,,0.25
hb,1,LD1,1217,0.3125,0.714285714285714,0.888888888888889,1,1,0.131865935347413,7,5000,Pooled,antiberta2-cssp,cdr3_embeddings_sample_5000,33.0886,40,,,0.285714285714286
hb,2,LD1,1217,0.26984126984127,0.678571428571429,0.84,0.954545454545455,1,0.141891158751151,7,5000,Pooled,antiberta2-cssp,cdr3_embeddings_sample_5000,56.397,40,,,0.275974025974026
hb,3,LD1,1217,0.266666666666667,0.65,0.800738007380074,0.91304347826087,1,0.15191638215489,7,5000,Pooled,antiberta2-cssp,cdr3_embeddings_sample_5000,93.994,40,,,0.26304347826087
hb,4,LD1,1217,0.28,0.6375,0.773584905660377,0.877551020408163,1,0.161941605558629,7,5000,Pooled,antiberta2-cssp,cdr3_embeddings_sample_5000,153.043,40,,,0.240051020408163
hb,5,LD1,1217,0.2578125,0.610576923076923,0.743455497382199,0.846153846153846,1,0.171966828962368,7,5000,Pooled,antiberta2-cssp,cdr3_embeddings_sample_5000,242.6748,40,,,0.235576923076923
hb,6,LD1,1217,0.253886010362694,0.592105263157895,0.718987341772152,0.817777777777778,1,0.181992052366107,7,5000,Pooled,antiberta2-cssp,cdr3_embeddings_sample_5000,373.1828,40,,,0.225672514619883
hb,7,LD1,1217,0.252100840336134,0.576687116564417,0.697347893915757,0.794871794871795,0.971608832807571,0.192017275769845,7,5000,Pooled,antiberta2-cssp,cdr3_embeddings_sample_5000,555.3058,40,,,0.218184678307378
hb,8,LD1,1217,0.247451343836886,0.562267657992565,0.676395939086294,0.773099415204678,0.956521739130435,0.202042499173584,7,5000,Pooled,antiberta2-cssp,cdr3_embeddings_sample_5000,793.4589,40,,,0.210831757212113
hb,9,LD1,1217,0.258373205741627,0.551219512195122,0.661830915457729,0.74955595026643,0.940038684719536,0.212067722577323,7,5000,Pooled,antiberta2-cssp,cdr3_embeddings_sample_5000,1068.7713,40,,,0.198336438071308
hb,10,LD1,1217,0.274509803921569,0.546348314606742,0.647126436781609,0.728364182091046,0.920122887864823,0.222092945981062,7,5000,Pooled,antiberta2-cssp,cdr3_embeddings_sample_5000,1337.5872,40,,,0.182015867484304
hb,11,LD1,1217,0.287044220325834,0.543706293706294,0.637572734829593,0.718359179589795,0.903252032520325,0.2321181693848,7,5000,Pooled,antiberta2-cssp,cdr3_embeddings_sample_5000,1561.1254,40,,,0.174652885883501
hb,12,LD1,1217,0.284057971014493,0.539305301645338,0.632853025936599,0.710855427713857,0.884868421052632,0.242143392788539,7,5000,Pooled,antiberta2-cssp,cdr3_embeddings_sample_5000,1726.1776,40,,,0.171550126068519
hb,13,LD1,1217,0.282414307004471,0.537268634317159,0.630315157578789,0.70873786407767,0.867886178861789,0.252168616192278,7,5000,Pooled,antiberta2-cssp,cdr3_embeddings_sample_5000,1832.5729,40,,,0.171469229760511
hb,14,LD1,1217,0.292146073036518,0.537268634317159,0.628314157078539,0.704852426213107,0.860930465232616,0.262193839596017,7,5000,Pooled,antiberta2-cssp,cdr3_embeddings_sample_5000,1899,40,,,0.167583791895948
hb,0,LD1,1306,0,0.585020708697653,0.894736842105263,1,1,0.0151732212373606,7,5000,Pooled,esm2,t33_650M_UR50D_cdr3_embeddings_sample_5000,19,18.75,,,0.414979291302347
hb,1,LD1,1306,0.0625,0.625,0.85,1,1,0.016875546264816,7,5000,Pooled,esm2,t33_650M_UR50D_cdr3_embeddings_sample_5000,37.9724,18.75,,,0.375
hb,2,LD1,1306,0.123456790123457,0.605842074592075,0.799280575539568,0.929511278195489,1,0.0185778712922714,7,5000,Pooled,esm2,t33_650M_UR50D_cdr3_embeddings_sample_5000,72.4648,18.75,,,0.323669203603414
hb,3,LD1,1306,0.16,0.593559451219512,0.754796529390199,0.888364779874214,1,0.0202801963197268,7,5000,Pooled,esm2,t33_650M_UR50D_cdr3_embeddings_sample_5000,131.6748,18.75,,,0.294805328654702
hb,4,LD1,1306,0.174603174603175,0.573460847909186,0.721504794308692,0.842105263157895,1,0.0219825213471822,7,5000,Pooled,esm2,t33_650M_UR50D_cdr3_embeddings_sample_5000,226.8392,18.75,,,0.268644415248709
hb,5,LD1,1306,0.1875,0.557894815792632,0.693517488567544,0.804972829926904,1,0.0236848463746377,7,5000,Pooled,esm2,t33_650M_UR50D_cdr3_embeddings_sample_5000,370.3389,18.75,,,0.247078014134272
hb,6,LD1,1306,0.217070600632244,0.547462168978563,0.673971134152586,0.770689102564103,1,0.0253871714020931,7,5000,Pooled,esm2,t33_650M_UR50D_cdr3_embeddings_sample_5000,572.3908,18.75,,,0.22322693358554
hb,7,LD1,1306,0.215291750503018,0.531781045751634,0.647966008340546,0.743869223838332,1,0.0270894964295485,7,5000,Pooled,esm2,t33_650M_UR50D_cdr3_embeddings_sample_5000,826.5455,18.75,,,0.212088178086698
hb,8,LD1,1306,0.21919770773639,0.519175674084948,0.631046974052054,0.719690348034575,1,0.0287918214570039,7,5000,Pooled,esm2,t33_650M_UR50D_cdr3_embeddings_sample_5000,1098.5848,18.75,,,0.200514673949628
hb,9,LD1,1306,0.233644859813084,0.515890211449942,0.618309154577289,0.70608414340637,0.978632478632479,0.0304941464844593,7,5000,Pooled,esm2,t33_650M_UR50D_cdr3_embeddings_sample_5000,1343.2194,18.75,,,0.190193931956428
hb,10,LD1,1306,0.246163290362185,0.514173138229631,0.611401955333067,0.693139601542608,0.927835051546392,0.0321964715119148,7,5000,Pooled,esm2,t33_650M_UR50D_cdr3_embeddings_sample_5000,1541.1469,18.75,,,0.178966463312977
hb,11,LD1,1306,0.255127563781891,0.512246171498875,0.605375402991478,0.683813449887663,0.917705735660848,0.0338987965393702,7,5000,Pooled,esm2,t33_650M_UR50D_cdr3_embeddings_sample_5000,1686.5429,18.75,,,0.171567278388789
hb,12,LD1,1306,0.264132066033017,0.511380690345173,0.601050525262631,0.677051681600671,0.906944444444444,0.0356011215668256,7,5000,Pooled,esm2,t33_650M_UR50D_cdr3_embeddings_sample_5000,1786.8444,18.75,,,0.165670991255498
hb,13,LD1,1306,0.264132066033017,0.510781889071877,0.60051541950516,0.675270128313482,0.903536977491961,0.037303446594281,7,5000,Pooled,esm2,t33_650M_UR50D_cdr3_embeddings_sample_5000,1853.647,18.75,,,0.164488239241605
hb,14,LD1,1306,0.270392749244713,0.510755377688844,0.600050025012506,0.672211105552776,0.877952755905512,0.0390057716217364,7,5000,Pooled,esm2,t33_650M_UR50D_cdr3_embeddings_sample_5000,1899,18.75,,,0.161455727863932
hb,0,LD1,1265,0.6,0.833333333333333,1,1,1,0.266058005954915,7,5000,Unpooled,antiberta2-cssp,cdr3_embeddings_unpooled_sample_5000,19,40,,,0.166666666666667
hb,1,LD1,1265,0.529411764705882,0.8,0.96551724137931,1,1,0.28547460476107,7,5000,Unpooled,antiberta2-cssp,cdr3_embeddings_unpooled_sample_5000,29.8556,40,,,0.2
hb,2,LD1,1265,0.409090909090909,0.763157894736842,0.928571428571429,1,1,0.304891203567225,7,5000,Unpooled,antiberta2-cssp,cdr3_embeddings_unpooled_sample_5000,47.1938,40,,,0.236842105263158
hb,3,LD1,1265,0.377358490566038,0.740740740740741,0.895348837209302,0.986301369863014,1,0.324307802373379,7,5000,Unpooled,antiberta2-cssp,cdr3_embeddings_unpooled_sample_5000,73.3574,40,,,0.245560629122273
hb,4,LD1,1265,0.321428571428571,0.706896551724138,0.866666666666667,0.969465648854962,1,0.343724401179534,7,5000,Unpooled,antiberta2-cssp,cdr3_embeddings_unpooled_sample_5000,111.0264,40,,,0.262569097130824
hb,5,LD1,1265,0.270833333333333,0.678899082568807,0.826923076923077,0.952646239554318,1,0.363140999985689,7,5000,Unpooled,antiberta2-cssp,cdr3_embeddings_unpooled_sample_5000,165.9278,40,,,0.27374715698551
hb,6,LD1,1265,0.248447204968944,0.656666666666667,0.795673076923077,0.929824561403509,1,0.382557598791844,7,5000,Unpooled,antiberta2-cssp,cdr3_embeddings_unpooled_sample_5000,247.3056,40,,,0.273157894736842
hb,7,LD1,1265,0.204545454545455,0.622895622895623,0.76628895184136,0.902777777777778,1,0.401974197597999,7,5000,Unpooled,antiberta2-cssp,cdr3_embeddings_unpooled_sample_5000,364.1558,40,,,0.279882154882155
hb,8,LD1,1265,0.206106870229008,0.602673147023086,0.730985915492958,0.870718232044199,1,0.421390796404153,7,5000,Unpooled,antiberta2-cssp,cdr3_embeddings_unpooled_sample_5000,529.5942,40,,,0.268045085021113
hb,9,LD1,1265,0.208480565371025,0.583333333333333,0.699152542372881,0.833333333333333,1,0.440807395210308,7,5000,Unpooled,antiberta2-cssp,cdr3_embeddings_unpooled_sample_5000,765.2211,40,,,0.25
hb,10,LD1,1265,0.214285714285714,0.563336766220391,0.676209279368213,0.796875,0.984227129337539,0.460223994016463,7,5000,Unpooled,antiberta2-cssp,cdr3_embeddings_unpooled_sample_5000,1077.301,40,,,0.233538233779609
hb,11,LD1,1265,0.233587786259542,0.552083333333333,0.654166666666667,0.767441860465116,0.980532786885246,0.479640592822618,7,5000,Unpooled,antiberta2-cssp,cdr3_embeddings_unpooled_sample_5000,1409.8405,40,,,0.215358527131783
hb,12,LD1,1265,0.248175182481752,0.544692737430168,0.640125720272394,0.751875937968984,0.969591659426585,0.499057191628773,7,5000,Unpooled,antiberta2-cssp,cdr3_embeddings_unpooled_sample_5000,1671.0634,40,,,0.207183200538817
hb,13,LD1,1265,0.241228070175439,0.541270635317659,0.633816908454227,0.744372186093047,0.948662328271873,0.518473790434927,7,5000,Unpooled,antiberta2-cssp,cdr3_embeddings_unpooled_sample_5000,1819.2216,40,,,0.203101550775388
hb,14,LD1,1265,0.23989218328841,0.540770385192596,0.631815907953977,0.741370685342671,0.922708208508089,0.537890389241082,7,5000,Unpooled,antiberta2-cssp,cdr3_embeddings_unpooled_sample_5000,1899,40,,,0.200600300150075
hb,0,LD1,1287,0.5,0.785714285714286,1,1,1,0.046639851631479,5,5000,Unpooled,esm2,t33_650M_UR50D_cdr3_embeddings_unpooled_sample_5000,19,12.5,,,0.214285714285714
hb,1,LD1,1287,0.428571428571429,0.769230769230769,0.954545454545455,1,1,0.0510775961200146,5,5000,Unpooled,esm2,t33_650M_UR50D_cdr3_embeddings_unpooled_sample_5000,33.2956,12.5,,,0.230769230769231
hb,2,LD1,1287,0.37037037037037,0.746464727623333,0.909090909090909,1,1,0.0555153406085503,5,5000,Unpooled,esm2,t33_650M_UR50D_cdr3_embeddings_unpooled_sample_5000,57.1126,12.5,,,0.253535272376667
hb,3,LD1,1287,0.280864197530864,0.699248605659988,0.879310344827586,0.979591836734694,1,0.0599530850970859,5,5000,Unpooled,esm2,t33_650M_UR50D_cdr3_embeddings_unpooled_sample_5000,95.8898,12.5,,,0.280343231074706
hb,4,LD1,1287,0.25,0.674165824064712,0.833333333333333,0.959087104873495,1,0.0643908295856216,5,5000,Unpooled,esm2,t33_650M_UR50D_cdr3_embeddings_unpooled_sample_5000,157.5448,12.5,,,0.284921280808783
hb,5,LD1,1287,0.212121212121212,0.642870605974932,0.8,0.932391426815528,1,0.0688285740741572,5,5000,Unpooled,esm2,t33_650M_UR50D_cdr3_embeddings_unpooled_sample_5000,252.8884,12.5,,,0.289520820840596
hb,6,LD1,1287,0.178861788617886,0.607408343756376,0.76937618147448,0.893597517477529,1,0.0732663185626929,5,5000,Unpooled,esm2,t33_650M_UR50D_cdr3_embeddings_unpooled_sample_5000,396.1933,12.5,,,0.286189173721153
hb,7,LD1,1287,0.214285714285714,0.592374099410523,0.736842105263158,0.855380746286116,1,0.0777040630512285,5,5000,Unpooled,esm2,t33_650M_UR50D_cdr3_embeddings_unpooled_sample_5000,600.9623,12.5,,,0.263006646875592
hb,8,LD1,1287,0.223880597014925,0.576481096389365,0.7,0.817902672395707,1,0.0821418075397642,5,5000,Unpooled,esm2,t33_650M_UR50D_cdr3_embeddings_unpooled_sample_5000,863.6607,12.5,,,0.241421576006342
hb,9,LD1,1287,0.23728813559322,0.562931935664776,0.67223382045929,0.783383283383284,1,0.0865795520282998,5,5000,Unpooled,esm2,t33_650M_UR50D_cdr3_embeddings_unpooled_sample_5000,1148.0392,12.5,,,0.220451347718507
hb,10,LD1,1287,0.241935483870968,0.551135331347266,0.653826913456728,0.758296031291589,1,0.0910172965168355,5,5000,Unpooled,esm2,t33_650M_UR50D_cdr3_embeddings_unpooled_sample_5000,1406.4815,12.5,,,0.207160699944324
hb,11,LD1,1287,0.252380952380952,0.544363382424485,0.647823911955978,0.740120060030015,1,0.0954550410053711,5,5000,Unpooled,esm2,t33_650M_UR50D_cdr3_embeddings_unpooled_sample_5000,1604.1423,12.5,,,0.195756677605531
hb,12,LD1,1287,0.265927977839335,0.542271135567784,0.639819909954978,0.727474350545362,0.976253298153034,0.0998927854939068,5,5000,Unpooled,esm2,t33_650M_UR50D_cdr3_embeddings_unpooled_sample_5000,1742.2664,12.5,,,0.185203214977578
hb,13,LD1,1287,0.271578947368421,0.541270635317659,0.637318659329665,0.724374020443415,0.943829787234043,0.104330529982442,5,5000,Unpooled,esm2,t33_650M_UR50D_cdr3_embeddings_unpooled_sample_5000,1836.1834,12.5,,,0.183103385125756
hb,14,LD1,1287,0.281052631578947,0.539769884942471,0.63631815907954,0.721610805402701,0.919959979989995,0.108768274470978,5,5000,Unpooled,esm2,t33_650M_UR50D_cdr3_embeddings_unpooled_sample_5000,1899,12.5,,,0.18184092046023
hb,1,LD-1,1281,0,0,0,0,0,,,5000,LD,antiberta2-cssp,all_cdrh,0.2436,,0.7982,19.9733333333333,0
hb,1,LD-1,1281,0,0,0,0,0,,,5000,LD,antiberta2-cssp,cdr3_only,0.2436,,0.7982,19.9733333333333,0
hb,1,LD-1,1281,0,0,0,0,0,,,5000,LD,antiberta2-cssp,heavy_chain,0.2436,,0.7982,19.9733333333333,0
hb,1,LD-1,1281,0,0,0,0,0,,,5000,LD,esm2,all_cdrh,0.2436,,0.7982,19.9733333333333,0
hb,1,LD-1,1281,0,0,0,0,0,,,5000,LD,esm2,cdr3_only,0.2436,,0.7982,19.9733333333333,0
hb,1,LD-1,1281,0,0,0,0,0,,,5000,LD,esm2,heavy_chain,0.2436,,0.7982,19.9733333333333,0
hb,2,LD-1,1281,0,0,1,1,1,,,5000,LD,antiberta2-cssp,all_cdrh,2.9484,,0.2272,74.556661488838,1
hb,2,LD-1,1281,0,0,1,1,1,,,5000,LD,antiberta2-cssp,cdr3_only,2.9484,,0.2272,74.556661488838,1
hb,2,LD-1,1281,0,0,1,1,1,,,5000,LD,antiberta2-cssp,heavy_chain,2.9484,,0.2272,74.556661488838,1
hb,2,LD-1,1281,0,0,1,1,1,,,5000,LD,esm2,all_cdrh,2.9484,,0.2272,74.556661488838,1
hb,2,LD-1,1281,0,0,1,1,1,,,5000,LD,esm2,cdr3_only,2.9484,,0.2272,74.556661488838,1
hb,2,LD-1,1281,0,0,1,1,1,,,5000,LD,esm2,heavy_chain,2.9484,,0.2272,74.556661488838,1
hb,3,LD-1,1281,0.588235294117647,0.833333333333333,1,1,1,,,5000,LD,antiberta2-cssp,all_cdrh,21.5944,,0.0454,86.4900258184317,0.166666666666667
hb,3,LD-1,1281,0.588235294117647,0.833333333333333,1,1,1,,,5000,LD,antiberta2-cssp,cdr3_only,21.5944,,0.0454,86.4900258184317,0.166666666666667
hb,3,LD-1,1281,0.588235294117647,0.833333333333333,1,1,1,,,5000,LD,antiberta2-cssp,heavy_chain,21.5944,,0.0454,86.4900258184317,0.166666666666667
hb,3,LD-1,1281,0.588235294117647,0.833333333333333,1,1,1,,,5000,LD,esm2,all_cdrh,21.5944,,0.0454,86.4900258184317,0.166666666666667
hb,3,LD-1,1281,0.588235294117647,0.833333333333333,1,1,1,,,5000,LD,esm2,cdr3_only,21.5944,,0.0454,86.4900258184317,0.166666666666667
hb,3,LD-1,1281,0.588235294117647,0.833333333333333,1,1,1,,,5000,LD,esm2,heavy_chain,21.5944,,0.0454,86.4900258184317,0.166666666666667
hb,4,LD-1,1281,0.369747899159664,0.728813559322034,0.861344537815126,0.971428571428571,1,,,5000,LD,antiberta2-cssp,all_cdrh,116.8032,,0.0068,82.5663880060946,0.242615012106538
hb,4,LD-1,1281,0.369747899159664,0.728813559322034,0.861344537815126,0.971428571428571,1,,,5000,LD,antiberta2-cssp,cdr3_only,116.8032,,0.0068,82.5663880060946,0.242615012106538
hb,4,LD-1,1281,0.369747899159664,0.728813559322034,0.861344537815126,0.971428571428571,1,,,5000,LD,antiberta2-cssp,heavy_chain,116.8032,,0.0068,82.5663880060946,0.242615012106538
hb,4,LD-1,1281,0.369747899159664,0.728813559322034,0.861344537815126,0.971428571428571,1,,,5000,LD,esm2,all_cdrh,116.8032,,0.0068,82.5663880060946,0.242615012106538
hb,4,LD-1,1281,0.369747899159664,0.728813559322034,0.861344537815126,0.971428571428571,1,,,5000,LD,esm2,cdr3_only,116.8032,,0.0068,82.5663880060946,0.242615012106538
hb,4,LD-1,1281,0.369747899159664,0.728813559322034,0.861344537815126,0.971428571428571,1,,,5000,LD,esm2,heavy_chain,116.8032,,0.0068,82.5663880060946,0.242615012106538
hb,5,LD-1,1281,0.253086419753086,0.628339140534262,0.754916792738275,0.882911392405063,1,,,5000,LD,antiberta2-cssp,all_cdrh,492.579,,4e-04,75.2563524089696,0.254572251870801
hb,5,LD-1,1281,0.253086419753086,0.628339140534262,0.754916792738275,0.882911392405063,1,,,5000,LD,antiberta2-cssp,cdr3_only,492.579,,4e-04,75.2563524089696,0.254572251870801
hb,5,LD-1,1281,0.253086419753086,0.628339140534262,0.754916792738275,0.882911392405063,1,,,5000,LD,antiberta2-cssp,heavy_chain,492.579,,4e-04,75.2563524089696,0.254572251870801
hb,5,LD-1,1281,0.253086419753086,0.628339140534262,0.754916792738275,0.882911392405063,1,,,5000,LD,esm2,all_cdrh,492.579,,4e-04,75.2563524089696,0.254572251870801
hb,5,LD-1,1281,0.253086419753086,0.628339140534262,0.754916792738275,0.882911392405063,1,,,5000,LD,esm2,cdr3_only,492.579,,4e-04,75.2563524089696,0.254572251870801
hb,5,LD-1,1281,0.253086419753086,0.628339140534262,0.754916792738275,0.882911392405063,1,,,5000,LD,esm2,heavy_chain,492.579,,4e-04,75.2563524089696,0.254572251870801
hb,6,LD-1,1281,0.309278350515464,0.58022093634929,0.660919540229885,0.760889712696942,0.98792270531401,,,5000,LD,antiberta2-cssp,all_cdrh,1627.8126,,0,67.2228456584823,0.180668776347652
hb,6,LD-1,1281,0.309278350515464,0.58022093634929,0.660919540229885,0.760889712696942,0.98792270531401,,,5000,LD,antiberta2-cssp,cdr3_only,1627.8126,,0,67.2228456584823,0.180668776347652
hb,6,LD-1,1281,0.309278350515464,0.58022093634929,0.660919540229885,0.760889712696942,0.98792270531401,,,5000,LD,antiberta2-cssp,heavy_chain,1627.8126,,0,67.2228456584823,0.180668776347652
hb,6,LD-1,1281,0.309278350515464,0.58022093634929,0.660919540229885,0.760889712696942,0.98792270531401,,,5000,LD,esm2,all_cdrh,1627.8126,,0,67.2228456584823,0.180668776347652
hb,6,LD-1,1281,0.309278350515464,0.58022093634929,0.660919540229885,0.760889712696942,0.98792270531401,,,5000,LD,esm2,cdr3_only,1627.8126,,0,67.2228456584823,0.180668776347652
hb,6,LD-1,1281,0.309278350515464,0.58022093634929,0.660919540229885,0.760889712696942,0.98792270531401,,,5000,LD,esm2,heavy_chain,1627.8126,,0,67.2228456584823,0.180668776347652
hb,1,LD-1,6246,0,0,0,0,0,,,25000,LD,antiberta2-cssp,all_cdrh,1.21012,,0.41516,57.7387190476191,0
hb,1,LD-1,6246,0,0,0,0,0,,,25000,LD,antiberta2-cssp,cdr3_only,1.21012,,0.41516,57.7387190476191,0
hb,1,LD-1,6246,0,0,0,0,0,,,25000,LD,antiberta2-cssp,heavy_chain,1.21012,,0.41516,57.7387190476191,0
hb,1,LD-1,6246,0,0,0,0,0,,,25000,LD,esm2,all_cdrh,1.21012,,0.41516,57.7387190476191,0
hb,1,LD-1,6246,0,0,0,0,0,,,25000,LD,esm2,cdr3_only,1.21012,,0.41516,57.7387190476191,0
hb,1,LD-1,6246,0,0,0,0,0,,,25000,LD,esm2,heavy_chain,1.21012,,0.41516,57.7387190476191,0
hb,2,LD-1,6246,0.714285714285714,0.882918552036199,1,1,1,,,25000,LD,antiberta2-cssp,all_cdrh,15.11956,,0.05236,90.9077136881091,0.117081447963801
hb,2,LD-1,6246,0.714285714285714,0.882918552036199,1,1,1,,,25000,LD,antiberta2-cssp,cdr3_only,15.11956,,0.05236,90.9077136881091,0.117081447963801
hb,2,LD-1,6246,0.714285714285714,0.882918552036199,1,1,1,,,25000,LD,antiberta2-cssp,heavy_chain,15.11956,,0.05236,90.9077136881091,0.117081447963801
hb,2,LD-1,6246,0.714285714285714,0.882918552036199,1,1,1,,,25000,LD,esm2,all_cdrh,15.11956,,0.05236,90.9077136881091,0.117081447963801
hb,2,LD-1,6246,0.714285714285714,0.882918552036199,1,1,1,,,25000,LD,esm2,cdr3_only,15.11956,,0.05236,90.9077136881091,0.117081447963801
hb,2,LD-1,6246,0.714285714285714,0.882918552036199,1,1,1,,,25000,LD,esm2,heavy_chain,15.11956,,0.05236,90.9077136881091,0.117081447963801
hb,3,LD-1,6246,0.515625,0.806154336734694,0.944444444444444,1,1,,,25000,LD,antiberta2-cssp,all_cdrh,111.45056,,0.01064,89.3409618969337,0.193845663265306
hb,3,LD-1,6246,0.515625,0.806154336734694,0.944444444444444,1,1,,,25000,LD,antiberta2-cssp,cdr3_only,111.45056,,0.01064,89.3409618969337,0.193845663265306
hb,3,LD-1,6246,0.515625,0.806154336734694,0.944444444444444,1,1,,,25000,LD,antiberta2-cssp,heavy_chain,111.45056,,0.01064,89.3409618969337,0.193845663265306
hb,3,LD-1,6246,0.515625,0.806154336734694,0.944444444444444,1,1,,,25000,LD,esm2,all_cdrh,111.45056,,0.01064,89.3409618969337,0.193845663265306
hb,3,LD-1,6246,0.515625,0.806154336734694,0.944444444444444,1,1,,,25000,LD,esm2,cdr3_only,111.45056,,0.01064,89.3409618969337,0.193845663265306
hb,3,LD-1,6246,0.515625,0.806154336734694,0.944444444444444,1,1,,,25000,LD,esm2,heavy_chain,111.45056,,0.01064,89.3409618969337,0.193845663265306
hb,4,LD-1,6246,0.311111111111111,0.689480745341615,0.828989813242784,0.943233602836266,1,,,25000,LD,antiberta2-cssp,all_cdrh,595.61192,,0.00092,82.8736975484168,0.253752857494651
hb,4,LD-1,6246,0.311111111111111,0.689480745341615,0.828989813242784,0.943233602836266,1,,,25000,LD,antiberta2-cssp,cdr3_only,595.61192,,0.00092,82.8736975484168,0.253752857494651
hb,4,LD-1,6246,0.311111111111111,0.689480745341615,0.828989813242784,0.943233602836266,1,,,25000,LD,antiberta2-cssp,heavy_chain,595.61192,,0.00092,82.8736975484168,0.253752857494651
hb,4,LD-1,6246,0.311111111111111,0.689480745341615,0.828989813242784,0.943233602836266,1,,,25000,LD,esm2,all_cdrh,595.61192,,0.00092,82.8736975484168,0.253752857494651
hb,4,LD-1,6246,0.311111111111111,0.689480745341615,0.828989813242784,0.943233602836266,1,,,25000,LD,esm2,cdr3_only,595.61192,,0.00092,82.8736975484168,0.253752857494651
hb,4,LD-1,6246,0.311111111111111,0.689480745341615,0.828989813242784,0.943233602836266,1,,,25000,LD,esm2,heavy_chain,595.61192,,0.00092,82.8736975484168,0.253752857494651
hb,1,LD-1,606,0,0,0,0,0,,,2500,LD,antiberta2-cssp,all_cdrh,0.124,,0.886,11.3,0
hb,1,LD-1,606,0,0,0,0,0,,,2500,LD,antiberta2-cssp,cdr3_only,0.124,,0.886,11.3,0
hb,1,LD-1,606,0,0,0,0,0,,,2500,LD,antiberta2-cssp,heavy_chain,0.124,,0.886,11.3,0
hb,1,LD-1,606,0,0,0,0,0,,,2500,LD,esm2,all_cdrh,0.124,,0.886,11.3,0
hb,1,LD-1,606,0,0,0,0,0,,,2500,LD,esm2,cdr3_only,0.124,,0.886,11.3,0
hb,1,LD-1,606,0,0,0,0,0,,,2500,LD,esm2,heavy_chain,0.124,,0.886,11.3,0
hb,2,LD-1,606,0,0,1,1,1,,,2500,LD,antiberta2-cssp,all_cdrh,1.5184,,0.3704,61.1250317460318,1
hb,2,LD-1,606,0,0,1,1,1,,,2500,LD,antiberta2-cssp,cdr3_only,1.5184,,0.3704,61.1250317460318,1
hb,2,LD-1,606,0,0,1,1,1,,,2500,LD,antiberta2-cssp,heavy_chain,1.5184,,0.3704,61.1250317460318,1
hb,2,LD-1,606,0,0,1,1,1,,,2500,LD,esm2,all_cdrh,1.5184,,0.3704,61.1250317460318,1
hb,2,LD-1,606,0,0,1,1,1,,,2500,LD,esm2,cdr3_only,1.5184,,0.3704,61.1250317460318,1
hb,2,LD-1,606,0,0,1,1,1,,,2500,LD,esm2,heavy_chain,1.5184,,0.3704,61.1250317460318,1
hb,3,LD-1,606,0.625,0.846153846153846,1,1,1,,,2500,LD,antiberta2-cssp,all_cdrh,10.9228,,0.0712,84.6595686753913,0.153846153846154
hb,3,LD-1,606,0.625,0.846153846153846,1,1,1,,,2500,LD,antiberta2-cssp,cdr3_only,10.9228,,0.0712,84.6595686753913,0.153846153846154
hb,3,LD-1,606,0.625,0.846153846153846,1,1,1,,,2500,LD,antiberta2-cssp,heavy_chain,10.9228,,0.0712,84.6595686753913,0.153846153846154
hb,3,LD-1,606,0.625,0.846153846153846,1,1,1,,,2500,LD,esm2,all_cdrh,10.9228,,0.0712,84.6595686753913,0.153846153846154
hb,3,LD-1,606,0.625,0.846153846153846,1,1,1,,,2500,LD,esm2,cdr3_only,10.9228,,0.0712,84.6595686753913,0.153846153846154
hb,3,LD-1,606,0.625,0.846153846153846,1,1,1,,,2500,LD,esm2,heavy_chain,10.9228,,0.0712,84.6595686753913,0.153846153846154
hb,4,LD-1,606,0.421052631578947,0.75,0.887146226415094,0.981329530495831,1,,,2500,LD,antiberta2-cssp,all_cdrh,58.8464,,0.0132,82.5108698326229,0.231329530495831
hb,4,LD-1,606,0.421052631578947,0.75,0.887146226415094,0.981329530495831,1,,,2500,LD,antiberta2-cssp,cdr3_only,58.8464,,0.0132,82.5108698326229,0.231329530495831
hb,4,LD-1,606,0.421052631578947,0.75,0.887146226415094,0.981329530495831,1,,,2500,LD,antiberta2-cssp,heavy_chain,58.8464,,0.0132,82.5108698326229,0.231329530495831
hb,4,LD-1,606,0.421052631578947,0.75,0.887146226415094,0.981329530495831,1,,,2500,LD,esm2,all_cdrh,58.8464,,0.0132,82.5108698326229,0.231329530495831
hb,4,LD-1,606,0.421052631578947,0.75,0.887146226415094,0.981329530495831,1,,,2500,LD,esm2,cdr3_only,58.8464,,0.0132,82.5108698326229,0.231329530495831
hb,4,LD-1,606,0.421052631578947,0.75,0.887146226415094,0.981329530495831,1,,,2500,LD,esm2,heavy_chain,58.8464,,0.0132,82.5108698326229,0.231329530495831
hb,5,LD-1,606,0.285714285714286,0.649607053862373,0.760202104097453,0.894741687351682,1,,,2500,LD,antiberta2-cssp,all_cdrh,247.3104,,0.0012,75.3561743596267,0.245134633489309
hb,5,LD-1,606,0.285714285714286,0.649607053862373,0.760202104097453,0.894741687351682,1,,,2500,LD,antiberta2-cssp,cdr3_only,247.3104,,0.0012,75.3561743596267,0.245134633489309
hb,5,LD-1,606,0.285714285714286,0.649607053862373,0.760202104097453,0.894741687351682,1,,,2500,LD,antiberta2-cssp,heavy_chain,247.3104,,0.0012,75.3561743596267,0.245134633489309
hb,5,LD-1,606,0.285714285714286,0.649607053862373,0.760202104097453,0.894741687351682,1,,,2500,LD,esm2,all_cdrh,247.3104,,0.0012,75.3561743596267,0.245134633489309
hb,5,LD-1,606,0.285714285714286,0.649607053862373,0.760202104097453,0.894741687351682,1,,,2500,LD,esm2,cdr3_only,247.3104,,0.0012,75.3561743596267,0.245134633489309
hb,5,LD-1,606,0.285714285714286,0.649607053862373,0.760202104097453,0.894741687351682,1,,,2500,LD,esm2,heavy_chain,247.3104,,0.0012,75.3561743596267,0.245134633489309
hb,6,LD-1,606,0.315789473684211,0.58159756097561,0.663119264326229,0.772206125459943,0.985163204747774,,,2500,LD,antiberta2-cssp,all_cdrh,818.4228,,0,67.2661622582988,0.190608564484333
hb,6,LD-1,606,0.315789473684211,0.58159756097561,0.663119264326229,0.772206125459943,0.985163204747774,,,2500,LD,antiberta2-cssp,cdr3_only,818.4228,,0,67.2661622582988,0.190608564484333
hb,6,LD-1,606,0.315789473684211,0.58159756097561,0.663119264326229,0.772206125459943,0.985163204747774,,,2500,LD,antiberta2-cssp,heavy_chain,818.4228,,0,67.2661622582988,0.190608564484333
hb,6,LD-1,606,0.315789473684211,0.58159756097561,0.663119264326229,0.772206125459943,0.985163204747774,,,2500,LD,esm2,all_cdrh,818.4228,,0,67.2661622582988,0.190608564484333
hb,6,LD-1,606,0.315789473684211,0.58159756097561,0.663119264326229,0.772206125459943,0.985163204747774,,,2500,LD,esm2,cdr3_only,818.4228,,0,67.2661622582988,0.190608564484333
hb,6,LD-1,606,0.315789473684211,0.58159756097561,0.663119264326229,0.772206125459943,0.985163204747774,,,2500,LD,esm2,heavy_chain,818.4228,,0,67.2661622582988,0.190608564484333
hb,1,LD-1,2525,0,0,0,0,0,,,10000,LD,antiberta2-cssp,all_cdrh,0.4814,,0.6657,33.0416666666667,0
hb,1,LD-1,2525,0,0,0,0,0,,,10000,LD,antiberta2-cssp,cdr3_only,0.4814,,0.6657,33.0416666666667,0
hb,1,LD-1,2525,0,0,0,0,0,,,10000,LD,antiberta2-cssp,heavy_chain,0.4814,,0.6657,33.0416666666667,0
hb,1,LD-1,2525,0,0,0,0,0,,,10000,LD,esm2,all_cdrh,0.4814,,0.6657,33.0416666666667,0
hb,1,LD-1,2525,0,0,0,0,0,,,10000,LD,esm2,cdr3_only,0.4814,,0.6657,33.0416666666667,0
hb,1,LD-1,2525,0,0,0,0,0,,,10000,LD,esm2,heavy_chain,0.4814,,0.6657,33.0416666666667,0
hb,2,LD-1,2525,0.545454545454545,0.8,1,1,1,,,10000,LD,antiberta2-cssp,all_cdrh,5.9914,,0.124,84.2530201432437,0.2
hb,2,LD-1,2525,0.545454545454545,0.8,1,1,1,,,10000,LD,antiberta2-cssp,cdr3_only,5.9914,,0.124,84.2530201432437,0.2
hb,2,LD-1,2525,0.545454545454545,0.8,1,1,1,,,10000,LD,antiberta2-cssp,heavy_chain,5.9914,,0.124,84.2530201432437,0.2
hb,2,LD-1,2525,0.545454545454545,0.8,1,1,1,,,10000,LD,esm2,all_cdrh,5.9914,,0.124,84.2530201432437,0.2
hb,2,LD-1,2525,0.545454545454545,0.8,1,1,1,,,10000,LD,esm2,cdr3_only,5.9914,,0.124,84.2530201432437,0.2
hb,2,LD-1,2525,0.545454545454545,0.8,1,1,1,,,10000,LD,esm2,heavy_chain,5.9914,,0.124,84.2530201432437,0.2
hb,3,LD-1,2525,0.586206896551724,0.833333333333333,0.967741935483871,1,1,,,10000,LD,antiberta2-cssp,all_cdrh,44.2197,,0.0249,88.1801961946228,0.166666666666667
hb,3,LD-1,2525,0.586206896551724,0.833333333333333,0.967741935483871,1,1,,,10000,LD,antiberta2-cssp,cdr3_only,44.2197,,0.0249,88.1801961946228,0.166666666666667
hb,3,LD-1,2525,0.586206896551724,0.833333333333333,0.967741935483871,1,1,,,10000,LD,antiberta2-cssp,heavy_chain,44.2197,,0.0249,88.1801961946228,0.166666666666667
hb,3,LD-1,2525,0.586206896551724,0.833333333333333,0.967741935483871,1,1,,,10000,LD,esm2,all_cdrh,44.2197,,0.0249,88.1801961946228,0.166666666666667
hb,3,LD-1,2525,0.586206896551724,0.833333333333333,0.967741935483871,1,1,,,10000,LD,esm2,cdr3_only,44.2197,,0.0249,88.1801961946228,0.166666666666667
hb,3,LD-1,2525,0.586206896551724,0.833333333333333,0.967741935483871,1,1,,,10000,LD,esm2,heavy_chain,44.2197,,0.0249,88.1801961946228,0.166666666666667
hb,4,LD-1,2525,0.35016835016835,0.720647773279352,0.857142857142857,0.967787114845938,1,,,10000,LD,antiberta2-cssp,all_cdrh,237.2252,,0.0036,82.8050617627952,0.247139341566586
hb,4,LD-1,2525,0.35016835016835,0.720647773279352,0.857142857142857,0.967787114845938,1,,,10000,LD,antiberta2-cssp,cdr3_only,237.2252,,0.0036,82.8050617627952,0.247139341566586
hb,4,LD-1,2525,0.35016835016835,0.720647773279352,0.857142857142857,0.967787114845938,1,,,10000,LD,antiberta2-cssp,heavy_chain,237.2252,,0.0036,82.8050617627952,0.247139341566586
hb,4,LD-1,2525,0.35016835016835,0.720647773279352,0.857142857142857,0.967787114845938,1,,,10000,LD,esm2,all_cdrh,237.2252,,0.0036,82.8050617627952,0.247139341566586
hb,4,LD-1,2525,0.35016835016835,0.720647773279352,0.857142857142857,0.967787114845938,1,,,10000,LD,esm2,cdr3_only,237.2252,,0.0036,82.8050617627952,0.247139341566586
hb,4,LD-1,2525,0.35016835016835,0.720647773279352,0.857142857142857,0.967787114845938,1,,,10000,LD,esm2,heavy_chain,237.2252,,0.0036,82.8050617627952,0.247139341566586
hb,5,LD-1,2525,0.257188498402556,0.626284875183554,0.75,0.873881204231082,1,,,10000,LD,antiberta2-cssp,all_cdrh,990.8269,,2e-04,75.2801806286468,0.247596329047529
hb,5,LD-1,2525,0.257188498402556,0.626284875183554,0.75,0.873881204231082,1,,,10000,LD,antiberta2-cssp,cdr3_only,990.8269,,2e-04,75.2801806286468,0.247596329047529
hb,5,LD-1,2525,0.257188498402556,0.626284875183554,0.75,0.873881204231082,1,,,10000,LD,antiberta2-cssp,heavy_chain,990.8269,,2e-04,75.2801806286468,0.247596329047529
hb,5,LD-1,2525,0.257188498402556,0.626284875183554,0.75,0.873881204231082,1,,,10000,LD,esm2,all_cdrh,990.8269,,2e-04,75.2801806286468,0.247596329047529
hb,5,LD-1,2525,0.257188498402556,0.626284875183554,0.75,0.873881204231082,1,,,10000,LD,esm2,cdr3_only,990.8269,,2e-04,75.2801806286468,0.247596329047529
hb,5,LD-1,2525,0.257188498402556,0.626284875183554,0.75,0.873881204231082,1,,,10000,LD,esm2,heavy_chain,990.8269,,2e-04,75.2801806286468,0.247596329047529
